"P1";"P2";"P3";"P4";"P5";"P6";"P7";"P8";"time"
0,23442179907532;0,121673908864663;0,762173799911527;0,295641218881729;0,530375637015205;0,086001686132785;0,746100103844656;0,83514740178077;2017-03-06 00:00:00
0,242897036698292;0,119651456942911;0,739280310128494;0,305284291558801;0,517881222821232;0,0884073207112683;0,751173182120435;0,835841422907872;2017-03-06 00:20:00
0,23446330542921;0,13123448565111;0,732011922629046;0,316018454723393;0,524933612601862;0,0849753971915976;0,771395778440751;0,83083849697159;2017-03-06 00:40:00
0,232844845981321;0,13152418650385;0,727231218457672;0,315408365180673;0,531719654054835;0,0848618357935908;0,763017822344518;0,836999650629419;2017-03-06 01:00:00
0,234808750544891;0,131723946211887;0,721354632934208;0,327378228434425;0,535123262434561;0,0843177707578412;0,769462082086561;0,828190033734569;2017-03-06 01:20:00
0,230192730313799;0,128548703519156;0,705044604275192;0,31552799946229;0,521466477600752;0,0829211890550249;0,755100911813599;0,83140494908573;2017-03-06 01:40:00
0,226869988272834;0,116605303639058;0,698146249887192;0,307104153220608;0,53183271934883;0,0726820444851926;0,749916748808111;0,829484877296382;2017-03-06 02:00:00
0,218614206402322;0,123439098619381;0,689193603193054;0,317797392152989;0,539192974838265;0,0710646343850602;0,750039013446402;0,82157766474999;2017-03-06 02:20:00
0,226744341406522;0,125158729936395;0,676387655890057;0,330451564507395;0,550057801941613;0,0756473137200291;0,761597547713328;0,815576532314451;2017-03-06 02:40:00
0,21651931317472;0,142709007291578;0,662454172865462;0,332308289872977;0,531755828140175;0,083810366158884;0,774764345305151;0,817730328916655;2017-03-06 03:00:00
0,222490362772769;0,131612774139211;0,691311870476168;0,357633772530716;0,538492005648631;0,0920385846015648;0,777847878045072;0,829603876022671;2017-03-06 03:20:00
0,227458665877744;0,136285034494836;0,6772499581203;0,34931130609517;0,532943610089461;0,0879114524833367;0,795383383953129;0,82627838092019;2017-03-06 03:40:00
0,220860106431799;0,138054348964389;0,67822160404253;0,352500453675868;0,543177365848941;0,0873521359666753;0,792656624665886;0,830438582908412;2017-03-06 04:00:00
0,22284363159461;0,144459245122333;0,664709535333177;0,358444356895621;0,542455709408714;0,0882793010560535;0,799867528843508;0,8233272681821;2017-03-06 04:20:00
0,224111067915031;0,14473418222342;0,656855171109416;0,364188089257757;0,533759334566906;0,0864343377470173;0,784100772012012;0,824454078284067;2017-03-06 04:40:00
0,213745337332498;0,144628472072011;0,676079180681093;0,368506215727512;0,541235449728441;0,0899464267807476;0,807047184958011;0,823311934181233;2017-03-06 05:00:00
0,223939885789966;0,14749178706582;0,654885857125213;0,363410139230788;0,534403397874964;0,0918326581923783;0,7939694404043;0,827322342746473;2017-03-06 05:20:00
0,227624836081993;0,148771938073797;0,656799231996144;0,36767159172802;0,541710959144369;0,0900865995339202;0,797531689652246;0,814771410718916;2017-03-06 05:40:00
0,227788687325448;0,149020640016148;0,656629330484972;0,36001937385132;0,543322745725373;0,0924673202836526;0,799459444303113;0,823362312745762;2017-03-06 06:00:00
0,218894397308906;0,148007402842807;0,655270399773926;0,364300067457951;0,551505415275069;0,0926477480670099;0,800836006730395;0,823805450946491;2017-03-06 06:20:00
0,223920546317362;0,148486934293167;0,656414659590502;0,368368725680832;0,539057891469215;0,0956068728758641;0,799979307824538;0,825698780402308;2017-03-06 06:40:00
0,220213195318516;0,146128692598752;0,669175738113728;0,362938972258993;0,536823074281123;0,0913537096275576;0,793722748267607;0,822702118334279;2017-03-06 07:00:00
0,225740832607455;0,1420456421009;0,66464842785722;0,365168690826145;0,554394924980897;0,0947879901857895;0,793758718176107;0,822865023403596;2017-03-06 07:20:00
0,231656666806113;0,144042619098268;0,665168538170587;0,35735816881947;0,546604576293685;0,0917849490285185;0,786179806904398;0,820860732796618;2017-03-06 07:40:00
0,230214968202914;0,142958994794234;0,661775811009817;0,354500622308881;0,535117904187768;0,0931622701055973;0,777507394220349;0,81563648482536;2017-03-06 08:00:00
0,230973862569705;0,142791812877512;0,667232077344143;0,341594283054203;0,53600854431439;0,090556294312142;0,784193108211257;0,813070483322314;2017-03-06 08:20:00
0,235130921111438;0,139976921005392;0,689352469321473;0,32754901892918;0,555874302970643;0,0880177986214581;0,780198978404573;0,823683830384627;2017-03-06 08:40:00
0,237225586404548;0,132685586063187;0,692973593112767;0,31672016945949;0,539343142915955;0,0897252816680657;0,760373366598454;0,813797269340177;2017-03-06 09:00:00
0,242952010332048;0,130482533125219;0,692108330062812;0,294112930634751;0,550123688866135;0,086495211278921;0,732786205059211;0,81065216412397;2017-03-06 09:20:00
0,243234472088358;0,122329665919111;0,708868170173383;0,264728127027125;0,516932980271497;0,0907109913108916;0,733273380385173;0,811407283154566;2017-03-06 09:40:00
0,242171489227811;0,120744982599101;0,716198872909456;0,2525819325294;0,559117349419008;0,0848225832729799;0,721760045406399;0,800954178544637;2017-03-06 10:00:00
0,247234786615292;0,117307607010044;0,716499636438231;0,24743776273389;0,538886102219257;0,0835400241830057;0,722911009808463;0,797637144806865;2017-03-06 10:20:00
0,236683887737845;0,111247701853388;0,726252572667601;0,212054524651677;0,539613637921824;0,0908011978107109;0,696154327893966;0,797896909296267;2017-03-06 10:40:00
0,24712352178748;0,110822385921287;0,746866481738829;0,213176211989088;0,520711930234066;0,0803418472140998;0,693552445883172;0,796561201866864;2017-03-06 11:00:00
0,244565782007496;0,109233762264688;0,74239066640724;0,201862700788464;0,541377215534507;0,081973959905881;0,668389512800145;0,789195470130285;2017-03-06 11:20:00
0,237056077395352;0,101159247576206;0,743266725449848;0,184082127418511;0,536241726310969;0,0753762472491706;0,654131230468487;0,793625342187786;2017-03-06 11:40:00
0,251526857353302;0,101354787255814;0,749197108544884;0,18377269222114;0,537623923796441;0,0762977830975629;0,64836463287846;0,788143873765677;2017-03-06 12:00:00
0,244039943929457;0,0994293711654309;0,75209801534287;0,173887143083971;0,524179501212207;0,0761929049509113;0,645638267939781;0,781076770069842;2017-03-06 12:20:00
0,246458473474806;0,107002846469084;0,761797021383461;0,151570896209242;0,526293943952387;0,0785929748142755;0,626166720056599;0,780825672427669;2017-03-06 12:40:00
0,23711048509476;0,109460621770433;0,788753575073492;0,160166599419778;0,518970574846323;0,0772306043936043;0,60113956838454;0,784187146649446;2017-03-06 13:00:00
0,26408407192362;0,115591247904546;0,769907112551868;0,155559338798442;0,522198458496406;0,0810043199833687;0,624099433363032;0,792144033419045;2017-03-06 13:20:00
0,254705266752243;0,116235003974888;0,787781512649058;0,144787191613351;0,538396088984618;0,07843844936492;0,595383767732135;0,783618099960405;2017-03-06 13:40:00
0,269486544729033;0,107626232450621;0,796985053625396;0,140196589920484;0,531373200477184;0,079864254966834;0,605901936448035;0,793262227307426;2017-03-06 14:00:00
0,274972571895145;0,104513026404085;0,815503662111343;0,149251415651289;0,521118332531652;0,0769565800023847;0,576100719236913;0,783150922157064;2017-03-06 14:20:00
0,278834883222562;0,09949773612476;0,809168459889124;0,127487687653339;0,516823760700645;0,0794231932217686;0,574207387735572;0,756201465447192;2017-03-06 14:40:00
0,270251582475535;0,105198152150361;0,81401986319609;0,125773628124002;0,53070842188891;0,077549923571732;0,557211257150934;0,776218560200712;2017-03-06 15:00:00
0,275127769651704;0,09805913178503;0,821742533163714;0,117155622423288;0,51514462970092;0,0770141144904848;0,547269789928338;0,769188758330972;2017-03-06 15:20:00
0,274129640013259;0,0870683428763398;0,832086284324303;0,11786302938319;0,51651366117463;0,0749319985147974;0,541286379267364;0,76749408998993;2017-03-06 15:40:00
0,278649541663295;0,10025837435182;0,838085766487831;0,111719937837295;0,493716827753337;0,0771067737901205;0,528427639274951;0,75984211657189;2017-03-06 16:00:00
0,280561373111685;0,0917581542924078;0,820953615042569;0,110406073587877;0,521650758354165;0,0826769788306763;0,521996495217568;0,760164095972225;2017-03-06 16:20:00
0,281831669069634;0,0928865587602893;0,834879217585666;0,120062553430654;0,513511252056468;0,0878528209884928;0,5230901556496;0,761512883870546;2017-03-06 16:40:00
0,29446522549879;0,0930675430637028;0,848429848445131;0,112598750923272;0,508313511895812;0,0780834642552114;0,543702833805023;0,757368008126655;2017-03-06 17:00:00
0,291605357619847;0,0974378747350654;0,857294005101311;0,12572031536332;0,511618571406537;0,084019553883062;0,539583202384298;0,767908228500663;2017-03-06 17:20:00
0,308647039589305;0,0962403262818887;0,851476611987486;0,132437228675577;0,508354684320739;0,0857598642853582;0,54581222271395;0,774492258192013;2017-03-06 17:40:00
0,308327510764502;0,0981881168903862;0,848761007760198;0,13718506061137;0,517262749415384;0,0903863749106795;0,563515779605096;0,768642913798345;2017-03-06 18:00:00
0,302716124658214;0,094870403273009;0,820894533747192;0,14208481797167;0,498101828865921;0,087122347596968;0,541058723504564;0,774835278380093;2017-03-06 18:20:00
0,305270374022634;0,100558100080464;0,829190864135625;0,158497094321228;0,509336582876564;0,0897979651517546;0,572002746315292;0,77563811719849;2017-03-06 18:40:00
0,292109035291722;0,108150185262039;0,831368210606095;0,171027314929501;0,523131725932142;0,092262024173313;0,589720740346052;0,787856442437093;2017-03-06 19:00:00
0,296999114730581;0,103728652586157;0,836231473847316;0,170244359955598;0,517584027701299;0,0880960866415139;0,609189936444704;0,788184230531879;2017-03-06 19:20:00
0,330966814980273;0,10381370409278;0,831480801933104;0,195272426960786;0,518631324633934;0,0885211632582596;0,592432249326671;0,781632771360205;2017-03-06 19:40:00
0,296673333818518;0,104585998922163;0,828211356284374;0,182501666198056;0,517265033489431;0,0940464029713602;0,635773635202663;0,797112549823978;2017-03-06 20:00:00
0,304417757337924;0,107773769502043;0,830868995684099;0,207045159273797;0,50100628684711;0,0929878853567722;0,65103820799233;0,807423604828667;2017-03-06 20:20:00
0,316170212293595;0,110474104789431;0,822122766664526;0,212582500962511;0,518144244900543;0,0946005392839722;0,670615268456557;0,80751128140319;2017-03-06 20:40:00
0,309402856780638;0,11201776356065;0,828928896638426;0,222487283339627;0,525759352992401;0,0947784884414838;0,671722069709023;0,812002137459801;2017-03-06 21:00:00
0,307078370724229;0,11642330943007;0,82167061667425;0,231964911589314;0,517223500880336;0,0921621404702033;0,675893304090439;0,818994061984824;2017-03-06 21:20:00
0,30257003797469;0,114110820006037;0,825774665124927;0,233177671334179;0,52547494667058;0,0905753092894643;0,70340967471366;0,805676294946655;2017-03-06 21:40:00
0,309796299566437;0,118076130864872;0,808079732816368;0,2476282063422;0,519478827916659;0,0929252809216216;0,692353486026532;0,81650893144124;2017-03-06 22:00:00
0,310579265310126;0,116882091594048;0,796632697667962;0,244870585349285;0,527424046414049;0,0889946196948982;0,697660920729505;0,821906908672586;2017-03-06 22:20:00
0,314299177120985;0,120592797451306;0,798452771203939;0,250200171058195;0,521201613444347;0,0907590976228432;0,689261449854365;0,824915640292905;2017-03-06 22:40:00
0,304353125666886;0,116601042862984;0,783056633379972;0,267518916713221;0,521263473596472;0,0911027447472951;0,710933167637743;0,822778982227973;2017-03-06 23:00:00
0,302053757063012;0,128370797114803;0,744123818512255;0,267692142830281;0,518838242072616;0,0892736195783839;0,716336756517461;0,829049511886753;2017-03-06 23:20:00
0,319474070560508;0,138171600533991;0,726261318092799;0,281973181260319;0,506303045062229;0,0901645041165564;0,718245729312618;0,828651020353943;2017-03-06 23:40:00
0,302294689638328;0,161098117823282;0,6958055839089;0,28693170616207;0,518361647044302;0,0905091538457052;0,725233204223565;0,831223479818022;2017-03-07 00:00:00
0,311586299241163;0,176864996563072;0,669344222305349;0,295752737177809;0,512148341251143;0,0912203292287505;0,720217102417614;0,824118337788245;2017-03-07 00:20:00
0,307408775162834;0,194785626766748;0,650563164177986;0,309107591938762;0,509445584359155;0,0900953510001492;0,727293072551255;0,828641102248209;2017-03-07 00:40:00
0,309626868779181;0,216999545107898;0,641485244187166;0,303655116884359;0,498489846571726;0,0907739983237656;0,724945099347919;0,822064426202123;2017-03-07 01:00:00
0,316498777621391;0,232144326645479;0,627432277403647;0,312622429513142;0,50868221854108;0,0932758906432993;0,719390789094755;0,822964713799405;2017-03-07 01:20:00
0,31592811551074;0,254948360844887;0,617892263808922;0,303934894615168;0,514801772159429;0,0940495042718392;0,701916770272769;0,815077639305923;2017-03-07 01:40:00
0,322540123405435;0,259073675232318;0,604949782365319;0,320228873349568;0,50588772777461;0,098266512609912;0,704507533806899;0,824802438847684;2017-03-07 02:00:00
0,319842258119294;0,276696005322981;0,590698626221185;0,317830358729026;0,509708821233941;0,100453976673619;0,697146850512025;0,818496717868776;2017-03-07 02:20:00
0,32354635822395;0,290625960125385;0,578640396247151;0,318768652644618;0,500656662989548;0,105446729265356;0,701569218532568;0,812060954181903;2017-03-07 02:40:00
0,314021091282165;0,298465073651948;0,563066626505731;0,294622800313198;0,494174133243572;0,10397445012345;0,667807278245338;0,79030949979236;2017-03-07 03:00:00
0,320308044796404;0,313220938780712;0,526877912734814;0,319258538754575;0,501374058379048;0,104308855156805;0,67413330962589;0,770563420762723;2017-03-07 03:20:00
0,311611305342497;0,335824523138762;0,535080780705673;0,31958096857074;0,50042053312879;0,111167849429115;0,690397307241934;0,801357539240114;2017-03-07 03:40:00
0,326492728901163;0,352057940731685;0,520169229748816;0,324521199495248;0,50270850779472;0,114777738210727;0,671773658758794;0,79879967805957;2017-03-07 04:00:00
0,317659684689387;0,372982911860588;0,514092295524981;0,318034200261169;0,506085700669859;0,11696970087251;0,682390368696522;0,796194854995373;2017-03-07 04:20:00
0,307287444750561;0,383416563317356;0,505083312593494;0,318247880027114;0,494962630546118;0,12394112007977;0,67552014692416;0,790795608768954;2017-03-07 04:40:00
0,319557137774223;0,388352128530069;0,50415315150059;0,311590724623565;0,502228545404335;0,12339169002871;0,672871567907299;0,790587813683018;2017-03-07 05:00:00
0,318370477473189;0,395242659036614;0,506352966151008;0,315861421414135;0,491182209037321;0,127767438792765;0,667909937222044;0,785008368246695;2017-03-07 05:20:00
0,314324871891281;0,390205139034496;0,504547994827525;0,315289649356571;0,509491212225574;0,119354422593991;0,668135920383528;0,788599720317229;2017-03-07 05:40:00
0,319481615011448;0,391891197285516;0,510688575823575;0,305809704790287;0,497091937640602;0,124717451545697;0,668287482101236;0,786851037556209;2017-03-07 06:00:00
0,317863611556919;0,388236593339902;0,511353901612325;0,299525173207767;0,49455148678407;0,123103231284135;0,664381308015395;0,786265965705189;2017-03-07 06:20:00
0,325437396352963;0,38335478518056;0,509719353501311;0,280335340469609;0,504428687351743;0,120306647457491;0,659194723768916;0,784923449454189;2017-03-07 06:40:00
0,33698556075599;0,363549263559714;0,517387682258306;0,274918757695394;0,490964181191165;0,123839738780393;0,655269421358547;0,766485997541247;2017-03-07 07:00:00
0,340330589600458;0,360416498817903;0,521479851080074;0,237878414393444;0,502467518758296;0,127347559970783;0,585615927179993;0,755731107117135;2017-03-07 07:20:00
0,367275862719136;0,343480426935431;0,53431203359681;0,230029083627239;0,485083507944665;0,127460572276277;0,588481911848545;0,736841267783796;2017-03-07 07:40:00
0,389654743593134;0,313778061960586;0,556010554549498;0,206021747206604;0,484283794740946;0,136061289248881;0,554310118963585;0,726776976027059;2017-03-07 08:00:00
0,414442515339991;0,279315154911829;0,564441853294369;0,171342120430381;0,481144974516111;0,119693357975692;0,493576628221732;0,720268303054639;2017-03-07 08:20:00
0,46387353350101;0,235128229531474;0,587772786782179;0,146101621140341;0,47548035867932;0,120810681123539;0,430763268256833;0,68926403297386;2017-03-07 08:40:00
0,539939270040636;0,218791424262197;0,628292201557971;0,141985564271762;0,495152271167767;0,118379158347729;0,374843422216208;0,69860465973618;2017-03-07 09:00:00
0,574607632420181;0,214736129048993;0,659767595048919;0,138730958044867;0,520400298730447;0,116591244358199;0,36787690777034;0,705074508264913;2017-03-07 09:20:00
0,594549649760699;0,201492261094482;0,704399671511971;0,13327510096093;0,529393783890971;0,132954209829289;0,359642691181511;0,727453888878711;2017-03-07 09:40:00
0,601672400556399;0,210527308002241;0,71694108005999;0,154579817149481;0,516207649329089;0,132842056753073;0,36218912331306;0,73368523658392;2017-03-07 10:00:00
0,623205600316969;0,204843076670264;0,739414416757591;0,13577773649379;0,524383610716045;0,137303830874888;0,338988465980617;0,728841225441406;2017-03-07 10:20:00
0,598981803153562;0,21121894933021;0,736412814183831;0,144468826595337;0,535305109353322;0,137726934759942;0,372610543399751;0,72140595807217;2017-03-07 10:40:00
0,623507683849775;0,210028886227705;0,72915341363891;0,152293791094687;0,523245748353545;0,141344719353446;0,34823070497223;0,728552935327166;2017-03-07 11:00:00
0,597128257305762;0,214815040501428;0,733218033804379;0,140947328263793;0,50394385515834;0,143467291115781;0,347456323898401;0,725220246705505;2017-03-07 11:20:00
0,607658756745464;0,196945950753597;0,733602775159059;0,143616837467363;0,501192513881401;0,146555821922959;0,38148475288739;0,719275564899372;2017-03-07 11:40:00
0,56188354336108;0,222988478835969;0,714644880980103;0,157476844162042;0,503107233632601;0,145651624791056;0,383804639426262;0,702942459267322;2017-03-07 12:00:00
0,573959985167919;0,211322231710566;0,747999528762889;0,160488000525739;0,502538595752996;0,152109429743018;0,342961475638982;0,722232176455243;2017-03-07 12:20:00
0,543921224965798;0,216163056281662;0,723283621728232;0,159528146678164;0,495968227287965;0,148150818324905;0,384272391726891;0,721363975600321;2017-03-07 12:40:00
0,574316818053729;0,191700421829689;0,739361170338205;0,158614475998797;0,501729343027615;0,142223098882997;0,367770898146473;0,723958506197516;2017-03-07 13:00:00
0,564995039651054;0,212525456430356;0,720783116148073;0,17586741938256;0,485043138768859;0,140941904878983;0,398876382689594;0,717206975627558;2017-03-07 13:20:00
0,587099260849814;0,191529321688726;0,765954590489948;0,155692448242824;0,493119250726116;0,137390413886206;0,392505492863558;0,723529371870843;2017-03-07 13:40:00
0,573699411113981;0,190324931239262;0,739608354660039;0,158760815570866;0,483822199127461;0,147141139565223;0,403844231956251;0,706297781170319;2017-03-07 14:00:00
0,582333715514702;0,184655389402148;0,74946270281035;0,150164365240223;0,497517884653194;0,133534758299432;0,383569325981404;0,746774840972103;2017-03-07 14:20:00
0,572510257318288;0,193058735688914;0,753650989371935;0,149679268925586;0,486488173773696;0,133996701362263;0,396186079887272;0,709949368055634;2017-03-07 14:40:00
0,599639548507196;0,171956110402107;0,778679933354557;0,152334390609773;0,498861619875801;0,137223351926046;0,390189495750793;0,738336194855345;2017-03-07 15:00:00
0,59052051334052;0,173956603783388;0,756564590111315;0,16111881365417;0,49258482492454;0,136812469270629;0,415580737526569;0,726812636394149;2017-03-07 15:20:00
0,563609208551157;0,182352948832958;0,783694905698422;0,152739188075652;0,506368372393679;0,138218919797411;0,384639997642165;0,726934792527945;2017-03-07 15:40:00
0,562446306610332;0,16210598852073;0,748554366307651;0,158088254447;0,499646416867388;0,125393450783977;0,397714448204297;0,731358871514821;2017-03-07 16:00:00
0,542838483517174;0,199226050203385;0,750833206310867;0,165639643651259;0,482536001253048;0,132370132135612;0,413526551922182;0,715810958253058;2017-03-07 16:20:00
0,509742497699622;0,188119737216192;0,722305233591215;0,161872111521957;0,50444188306747;0,14079500067693;0,401259149843555;0,720726637776508;2017-03-07 16:40:00
0,506949933733673;0,18249578214423;0,722722576248058;0,16721156208744;0,483506556307429;0,130816844033355;0,417712173202566;0,719952153088428;2017-03-07 17:00:00
0,483443088198825;0,190586907004222;0,703213200626908;0,174587793268204;0,473776954718046;0,125911154020464;0,430788581964706;0,713891844013139;2017-03-07 17:20:00
0,43403852056215;0,199576193451407;0,662439937866192;0,194405429349663;0,465385573055717;0,134338238249956;0,452540929869793;0,716229928825912;2017-03-07 17:40:00
0,40380507523069;0,212992760327149;0,666702350404591;0,21117746959803;0,472370413952567;0,141174043042817;0,491829934172666;0,710402672331535;2017-03-07 18:00:00
0,362942786220385;0,208177525688356;0,614985562808917;0,242271354226099;0,449844269664257;0,131548272454775;0,517787044268007;0,709609522586787;2017-03-07 18:20:00
0,332103013631036;0,225336049111901;0,600568629581827;0,275335018978782;0,462116141373898;0,137852713352539;0,536999800035915;0,714986519095635;2017-03-07 18:40:00
0,288757742357699;0,23251381849284;0,561821685919381;0,3222720419028;0,437282871741787;0,14104085942428;0,587514749110942;0,71493501652094;2017-03-07 19:00:00
0,247204568162127;0,246388879376912;0,518639776787781;0,354599269873653;0,44321211210339;0,146122647471468;0,606536855629513;0,715656741828379;2017-03-07 19:20:00
0,239239106871223;0,25724463092575;0,503404691815962;0,38837825611224;0,465602330750778;0,15307408260945;0,639863030716668;0,736698491287514;2017-03-07 19:40:00
0,233895579162068;0,261543945336469;0,495464058804552;0,430417997358976;0,466358207162656;0,155067840749306;0,667591654450377;0,733190851197659;2017-03-07 20:00:00
0,213593217807919;0,268551092031107;0,475379517216618;0,466342667909793;0,472096440496806;0,154818322564495;0,6771372473601;0,75119096802976;2017-03-07 20:20:00
0,223183591689488;0,29241795658018;0,480335622092464;0,506205506058997;0,468133157125382;0,157339039801616;0,69408717946589;0,755025048022554;2017-03-07 20:40:00
0,202768163105509;0,304748276632637;0,46892149295837;0,512059580924197;0,458608536418355;0,162853754760772;0,718026728025894;0,746515095420394;2017-03-07 21:00:00
0,216754770898946;0,298731732183313;0,449969677132897;0,553223479843628;0,476123824590248;0,161784178662042;0,73083741342337;0,758001732212376;2017-03-07 21:20:00
0,200100823002088;0,307600921129432;0,427755107385923;0,568435686002964;0,489911260735027;0,157912959851911;0,727390774866141;0,769436680401798;2017-03-07 21:40:00
0,211532832777691;0,291398118069063;0,418609355251079;0,56992810914559;0,471483325579896;0,159879387697726;0,748366896122161;0,747979449454568;2017-03-07 22:00:00
0,1949005139506;0,314158304017423;0,419069034150694;0,602891441894186;0,474820752293719;0,159147367107933;0,741188423767655;0,758390487977615;2017-03-07 22:20:00
0,192259562866644;0,299794961087519;0,409212186949444;0,614746368146846;0,468260435282231;0,151677432406426;0,765538291578063;0,767017575488431;2017-03-07 22:40:00
0,196485954856372;0,304946618213538;0,386349152688898;0,626490406950887;0,470708790810994;0,152832833884501;0,767820457933979;0,763025623372826;2017-03-07 23:00:00
0,196143985465615;0,303656713815523;0,367407940341988;0,643844936186432;0,481085129680649;0,152723099768859;0,776665749392622;0,754166440776377;2017-03-07 23:20:00
0,192298424574303;0,316538416321578;0,361720334440323;0,645759334338006;0,481864312823658;0,157779815071268;0,782156846827365;0,747941464439785;2017-03-07 23:40:00
0,194629939317231;0,341104574024963;0,352127099466904;0,656846136585061;0,455313139527235;0,15616992524217;0,782938465223814;0,744283071913829;2017-03-08 00:00:00
0,191343582333097;0,358551256073841;0,329358325287861;0,668319892341643;0,471609927970783;0,157561078688357;0,782252714500117;0,74864093007178;2017-03-08 00:20:00
0,195782062789373;0,379412359150172;0,312831219832863;0,661196982659941;0,458369256186021;0,160326985667196;0,777291484320403;0,747990607625884;2017-03-08 00:40:00
0,192744951027704;0,401011863325545;0,303894702556476;0,669642262875909;0,466759267819231;0,162866454479948;0,760984962836063;0,738568030813147;2017-03-08 01:00:00
0,19192593717918;0,421569938983104;0,289699164982579;0,665775680745623;0,444712879385359;0,168875375509452;0,766109385489766;0,737247059094555;2017-03-08 01:20:00
0,203309853012141;0,439254112194002;0,293623993276967;0,668683970863955;0,448354886395275;0,163981726085334;0,758357059711472;0,730544865562917;2017-03-08 01:40:00
0,203968632083646;0,460176407352673;0,286020834571541;0,671196884476102;0,457098184853456;0,176545253404999;0,754651268611545;0,723399963127235;2017-03-08 02:00:00
0,205148685620087;0,464678223873656;0,284712899953266;0,663588790706694;0,433104380422415;0,175429720209672;0,750539746851384;0,727297511353596;2017-03-08 02:20:00
0,210410202220142;0,479759415963719;0,2770135563167;0,667831018313459;0,447767479276266;0,177524006696922;0,7515287916932;0,715158243598145;2017-03-08 02:40:00
0,193724108921967;0,468165286071211;0,251504439282329;0,621158764240642;0,431903544716815;0,1624841112704;0,720862071648514;0,712634304830012;2017-03-08 03:00:00
0,203880384275725;0,491218440644866;0,258624823689495;0,646949932266069;0,408800312555327;0,178461325804519;0,735818800033814;0,683832797178698;2017-03-08 03:20:00
0,212533490982302;0,519907111059244;0,256034850601955;0,642653254535548;0,431188126835822;0,183625900531879;0,720663401243507;0,697605008599075;2017-03-08 03:40:00
0,206690042542983;0,532635057668366;0,253463260295875;0,660592463176172;0,433794795106556;0,190070376186731;0,72093542553117;0,686905583114768;2017-03-08 04:00:00
0,212913587206995;0,541008066582314;0,249189539682021;0,658955026434439;0,436400529631947;0,193257571209265;0,716559645169962;0,688344395409756;2017-03-08 04:20:00
0,209750401801032;0,551271931112329;0,244114415500232;0,651225703661379;0,435528606275626;0,198784302074339;0,70677122635348;0,67064618585678;2017-03-08 04:40:00
0,20786560134449;0,554704732139308;0,244680122690624;0,657680917292795;0,432558053702147;0,198375221506138;0,699715322935755;0,68248474439464;2017-03-08 05:00:00
0,23203956530663;0,550155491059209;0,250363581789378;0,6354136289338;0,438275587268178;0,202113144529436;0,696182764709013;0,679996850308472;2017-03-08 05:20:00
0,224551411997776;0,534910353772571;0,256511250372358;0,632018960892383;0,441304812439016;0,197722823365311;0,690152700989133;0,68971440543213;2017-03-08 05:40:00
0,233650841177085;0,541877663602428;0,265719920389259;0,613566720101988;0,447853814395533;0,201817180285616;0,689693768850156;0,679957635531852;2017-03-08 06:00:00
0,225592005169545;0,535406476826063;0,264998300687094;0,617320225368552;0,440073978714439;0,196849152275548;0,674334163932759;0,680710655704075;2017-03-08 06:20:00
0,240582333780823;0,529452874181197;0,267526756267074;0,597203683337919;0,440899183986658;0,196813082840783;0,669464834007757;0,67663394525908;2017-03-08 06:40:00
0,243014641900833;0,513627691183786;0,275324216324002;0,567453525769347;0,439952472267206;0,198282993481343;0,656060296549311;0,675399715662083;2017-03-08 07:00:00
0,258711153687869;0,504629895330805;0,287517996634173;0,520797865858219;0,442047645678079;0,190092325173873;0,612013039121669;0,652218898717343;2017-03-08 07:20:00
0,299125294384054;0,478994337115972;0,30499615053626;0,45107069975388;0,427344201717585;0,20312929238974;0,562847620664976;0,645435208091832;2017-03-08 07:40:00
0,321341196092018;0,419603630087418;0,347208703832368;0,376553306525786;0,4320057446801;0,184998785114803;0,525187942843711;0,626218642582428;2017-03-08 08:00:00
0,383332903703998;0,358174886165014;0,380572826856714;0,27456615023002;0,429225931536287;0,176550690713722;0,426877558887371;0,607322759080542;2017-03-08 08:20:00
0,499155967882701;0,27376646390308;0,466223576818531;0,184828422120034;0,433313142641434;0,161059317092513;0,336068702382511;0,58791091674123;2017-03-08 08:40:00
0,621652705492212;0,207768350682257;0,584643735035258;0,141102992745117;0,461385692192269;0,143876004480873;0,304011383577401;0,598337560652947;2017-03-08 09:00:00
0,704009525321687;0,187654989190406;0,671884602819977;0,125989057729959;0,472189655370678;0,14352075966995;0,253188631867926;0,626379291746976;2017-03-08 09:20:00
0,754410481763418;0,177893619438624;0,732820038632357;0,1143625687786;0,499013539608176;0,14912700235813;0,243811232462122;0,664281765424601;2017-03-08 09:40:00
0,761283058966373;0,168795589460901;0,759152091046487;0,108282701512899;0,515117440552713;0,146769002273143;0,253929216808712;0,690740313521697;2017-03-08 10:00:00
0,771500358533493;0,174294481989443;0,770158900470877;0,101204080605639;0,509792437809934;0,146322083855137;0,235718625546703;0,687661944212946;2017-03-08 10:20:00
0,77565691611298;0,172938251761763;0,773144049327462;0,122407784519256;0,518750293073298;0,15419286253211;0,243175983060911;0,700136949982998;2017-03-08 10:40:00
0,772272055110521;0,171998357931923;0,771665391879918;0,114139599583842;0,531271613974748;0,160079737480103;0,252823728968676;0,6989695305951;2017-03-08 11:00:00
0,766393064271482;0,155890795666296;0,773694791485383;0,121008768266004;0,504065830689523;0,151858530629645;0,24163422965261;0,703057556307916;2017-03-08 11:20:00
0,759391339889808;0,161371905937588;0,778717204326819;0,124249625460216;0,502805356967047;0,156065630693683;0,251751962233932;0,700526451218738;2017-03-08 11:40:00
0,736550046712583;0,167037639331833;0,782472459142844;0,121710486134739;0,508638399661461;0,147917666953076;0,265218474542522;0,701893415930469;2017-03-08 12:00:00
0,695153107798878;0,155577018435751;0,76342544127208;0,136757297264571;0,504263288086049;0,146671849812371;0,264492387218438;0,690870586086352;2017-03-08 12:20:00
0,708445105340587;0,163897820672685;0,778304392046386;0,133946607946477;0,509136062457785;0,153995335978199;0,289658658025581;0,697945877603635;2017-03-08 12:40:00
0,697431589473659;0,158574188135916;0,773555312536991;0,142175359238388;0,49986333482968;0,140685794558034;0,292486466293253;0,709102053198299;2017-03-08 13:00:00
0,681181025219487;0,15210006202981;0,783351839296142;0,139898907203734;0,507475609784973;0,143371622395144;0,303007285212795;0,697316692412994;2017-03-08 13:20:00
0,698994087376755;0,149993787789144;0,778599232864125;0,145906287360152;0,50848716195594;0,138769696147078;0,284121163040518;0,697680609401023;2017-03-08 13:40:00
0,721254496983917;0,144818088082471;0,805003493997923;0,133563966945754;0,504315397145638;0,134009635985213;0,298988026696576;0,71411563662582;2017-03-08 14:00:00
0,720207702274479;0,144154402956148;0,794158449682517;0,142361764880243;0,505315511143265;0,130033493453326;0,299889688461636;0,703080406252605;2017-03-08 14:20:00
0,719515602882883;0,136359097721134;0,790573605004537;0,146287463310248;0,514718073037042;0,131276423811982;0,299671316952912;0,711476955892807;2017-03-08 14:40:00
0,70429849276414;0,127454522740552;0,805763490048194;0,139013043124664;0,520779454083027;0,13856171327698;0,311550635897158;0,717061249120532;2017-03-08 15:00:00
0,70933039224204;0,136516547418846;0,791587063174263;0,148912563147766;0,514069134156338;0,125265387664281;0,294800897421535;0,714240692004629;2017-03-08 15:20:00
0,701831614494508;0,121810047678469;0,808238841376958;0,143047876745671;0,500179846728105;0,121412062447081;0,330215721503439;0,712789732622623;2017-03-08 15:40:00
0,693440393276672;0,133370093018689;0,78488362061402;0,150132427652798;0,511769886883672;0,119270254399325;0,324092019734319;0,719213794460896;2017-03-08 16:00:00
0,670530289360267;0,134775708684083;0,791742170432547;0,156309683991137;0,516287531816868;0,120048718617569;0,323064667687714;0,72657135706037;2017-03-08 16:20:00
0,662413063252659;0,134026103683037;0,788482121785936;0,155780571786192;0,518908397756103;0,116782597656714;0,345713691326436;0,718178089569183;2017-03-08 16:40:00
0,62158116704739;0,13048562886064;0,761862308209529;0,1684142039055;0,496415691963593;0,115686188725426;0,344587379048591;0,71785816223733;2017-03-08 17:00:00
0,590379062800766;0,140889343041934;0,749876442680835;0,156640422397441;0,499613485134647;0,105703166537081;0,368993279548638;0,714147796237189;2017-03-08 17:20:00
0,547132620936763;0,144486841352265;0,71171961282605;0,185531539938;0,486921597965607;0,103095982739926;0,385820756376737;0,712121849470066;2017-03-08 17:40:00
0,514097323405042;0,154804456816631;0,688676667942348;0,195035112184335;0,474945064884212;0,10096138019467;0,415755738917876;0,704580393295187;2017-03-08 18:00:00
0,449445711930083;0,151956013857314;0,662049203891415;0,221443783865956;0,456183981018279;0,103324491254018;0,454362814774874;0,697841040068505;2017-03-08 18:20:00
0,393606816803069;0,165503466287965;0,609105003740556;0,252907886642311;0,464363983802582;0,101551318107397;0,489657833888835;0,707708894097931;2017-03-08 18:40:00
0,32563323381892;0,174018935225263;0,558022568773977;0,310693019723067;0,443623640056666;0,107543467538941;0,538482418332556;0,712434634691577;2017-03-08 19:00:00
0,294950257060146;0,175272502081908;0,542897024008744;0,332099322935033;0,463084767627308;0,110390674660525;0,579483445691438;0,720909633564132;2017-03-08 19:20:00
0,270932881607871;0,190810553370172;0,498702182466721;0,388190563474312;0,460310186921426;0,12213790879997;0,609576630635627;0,723808515669576;2017-03-08 19:40:00
0,251310995509643;0,198270481895162;0,503346217884856;0,415031110476319;0,46090126077143;0,115569830272448;0,649032520771187;0,746072174965343;2017-03-08 20:00:00
0,235236574046609;0,210883945708395;0,504627350073562;0,448887422037528;0,486597706507136;0,1239930964165;0,671406729481905;0,755535027436014;2017-03-08 20:20:00
0,244679489498861;0,223335373117875;0,490168684038591;0,494355137589736;0,475769107811027;0,129577040451058;0,691739824170462;0,772448938878012;2017-03-08 20:40:00
0,225348560927704;0,228156425265077;0,487430997421603;0,518832289335188;0,487087312857265;0,128839555293928;0,726348622891522;0,781626985010862;2017-03-08 21:00:00
0,223851970881539;0,238293934511005;0,476878370293698;0,544230516784051;0,472648762629573;0,12533823679654;0,728115713911408;0,786177769246767;2017-03-08 21:20:00
0,21954041898459;0,234836151873042;0,463443652647495;0,572309215249582;0,481174474088034;0,12276529381581;0,746913839527872;0,792425014398891;2017-03-08 21:40:00
0,222091972888749;0,228946395706223;0,435822919376566;0,574383623806409;0,477931692393452;0,128784678205214;0,748734327297338;0,774989004834679;2017-03-08 22:00:00
0,208712935574481;0,227359703390667;0,441820825282053;0,59500138904337;0,481308187415435;0,122961672406453;0,761375318047532;0,7896889253237;2017-03-08 22:20:00
0,208837395198501;0,235091729247928;0,403787970354779;0,608499416383081;0,47552082335417;0,115968419900414;0,775283363255048;0,788765333369989;2017-03-08 22:40:00
0,208237651155827;0,241255923594223;0,411011729674808;0,651622579797526;0,472480792054524;0,116534378882344;0,768087062752042;0,781859505893771;2017-03-08 23:00:00
0,210987304342137;0,248619645620149;0,386829860916165;0,647143913453895;0,486467230045142;0,113719208686768;0,773636140206372;0,781874838103014;2017-03-08 23:20:00
0,204941426372031;0,255672272158623;0,362681661672379;0,671990121371423;0,486739160455604;0,117976895908561;0,787504366776558;0,785130502258721;2017-03-08 23:40:00
0,207431085963824;0,286736579965656;0,359302443215864;0,664469032086257;0,48260924341586;0,117449341222618;0,783642359274652;0,780300088637065;2017-03-09 00:00:00
0,200353623140789;0,295607969664044;0,332948822575681;0,678573422844557;0,481694702524839;0,12371394732522;0,781488607489291;0,783496704951502;2017-03-09 00:20:00
0,210599176355575;0,308374979217832;0,331334006737416;0,684351054446058;0,489641594438186;0,12255251418951;0,775694692964995;0,781479657527848;2017-03-09 00:40:00
0,205331217684473;0,319783078818016;0,316786414581247;0,685914210565331;0,490126199823617;0,122845305273196;0,77864926979189;0,774838872425947;2017-03-09 01:00:00
0,205517773792565;0,344509814019982;0,309548954147423;0,687123577337939;0,487128952728501;0,126558877234606;0,777005325135611;0,771005007091164;2017-03-09 01:20:00
0,211114348379155;0,352271660209879;0,30333797767009;0,680913795602453;0,488692710133888;0,131059327586409;0,776582790109483;0,768753936103749;2017-03-09 01:40:00
0,206520584366154;0,368738304319453;0,295595521559629;0,676881906935744;0,485161393562574;0,135148379615222;0,772773217955439;0,757703899977161;2017-03-09 02:00:00
0,210987906850533;0,383486029831242;0,289985855571412;0,689154731242726;0,484892634477962;0,134555369559613;0,764460329850936;0,755252522915804;2017-03-09 02:20:00
0,210266249833393;0,390339765411193;0,280228092666804;0,688982069336593;0,484794947786984;0,1382280114349;0,760446551133296;0,754538070680256;2017-03-09 02:40:00
0,214627212759951;0,399522512620513;0,274484467057808;0,672365969658185;0,473396005561709;0,146212378879274;0,729282156513168;0,743710092576224;2017-03-09 03:00:00
0,204615870789062;0,419512637965435;0,260911116387167;0,682836533574614;0,472451714655515;0,143932267054006;0,749454060391925;0,726878986307084;2017-03-09 03:20:00
0,209218956626207;0,436805489505267;0,260495918362697;0,680111230975719;0,470559316307296;0,143017512531033;0,740963707259785;0,741019813353377;2017-03-09 03:40:00
0,217537629895205;0,461794098973497;0,255773674322716;0,675763319711178;0,474174459270532;0,151355648780503;0,726709032569474;0,730331776763808;2017-03-09 04:00:00
0,214838955721166;0,471132206817111;0,249520632680402;0,688116129986514;0,468180314987321;0,151934522171289;0,728188782318991;0,728752825749153;2017-03-09 04:20:00
0,217536467629325;0,485987502643846;0,245658035701679;0,678393371762203;0,474522639898925;0,160770660703673;0,726312319664867;0,7285319445304;2017-03-09 04:40:00
0,217874321316067;0,483181331231301;0,24702695345658;0,672432307520514;0,462344203539784;0,161084973110529;0,720934783573524;0,722400468976594;2017-03-09 05:00:00
0,221779977657261;0,475796156050806;0,252729811900282;0,671596646877041;0,468304450328454;0,163394948136975;0,721511901473798;0,727447612168204;2017-03-09 05:20:00
0,220641001190955;0,478349345597288;0,260110079440751;0,657650142480546;0,477918494601311;0,160756553955348;0,718873752807817;0,721163018973953;2017-03-09 05:40:00
0,223763359711598;0,478050427129753;0,257823166976992;0,664596875454911;0,475267849321099;0,163312994801837;0,70821852601619;0,726993619445171;2017-03-09 06:00:00
0,240848122621302;0,467447735073089;0,275315777959157;0,646592432483375;0,480615164544207;0,154620701770825;0,712552792734477;0,727279573614221;2017-03-09 06:20:00
0,225429999366242;0,479261616623288;0,263948774422293;0,651422330013121;0,470696448780538;0,163833171647631;0,697419510085769;0,720728224625708;2017-03-09 06:40:00
0,240771627812671;0,459557561210449;0,264154366872042;0,607011930029515;0,463978617358189;0,165246910468362;0,6898655198654;0,705183491287635;2017-03-09 07:00:00
0,260617939970736;0,437783991494242;0,287524231363;0,555084492733674;0,471028971299032;0,164627261258373;0,661513701578102;0,690082311336855;2017-03-09 07:20:00
0,267448067707972;0,432423897617818;0,31123777343318;0,522652890924772;0,458688895552534;0,171267215719688;0,60785641220125;0,674175545689115;2017-03-09 07:40:00
0,331058971583785;0,379682375932273;0,350650710387147;0,453647915245106;0,467379334659629;0,167820455609774;0,57614694107118;0,670225483697502;2017-03-09 08:00:00
0,388148582411606;0,347968510190317;0,393868756222382;0,354065942006822;0,442213203114914;0,159545273523245;0,517791746552945;0,649462088149222;2017-03-09 08:20:00
0,455400527697549;0,281546731095425;0,44510243131295;0,280861363960034;0,470679684371318;0,150406543887898;0,426090375813438;0,639418410624815;2017-03-09 08:40:00
0,542268424840887;0,243579592923535;0,533291910874218;0,217874459729396;0,486635690039323;0,145212702314808;0,382404426992353;0,646500297393887;2017-03-09 09:00:00
0,611215544862846;0,219597346574028;0,597007269120922;0,181238215257596;0,498494168387669;0,145185998048136;0,350719501782435;0,670528494263916;2017-03-09 09:20:00
0,658964673280989;0,212688718372559;0,645861156917084;0,193593388958536;0,52228029784262;0,145306452060285;0,345044998101857;0,69766832461663;2017-03-09 09:40:00
0,673038017948664;0,203246157409366;0,66600019258537;0,173880039264399;0,527637912802343;0,154065012921005;0,328338523030023;0,706497721532679;2017-03-09 10:00:00
0,679595263702263;0,206706816365852;0,686350852432836;0,187760648315728;0,524579417605024;0,15982001431655;0,348568624938138;0,707330772300358;2017-03-09 10:20:00
0,678563556546825;0,210382401642575;0,67142111241499;0,177182728155199;0,530578241565613;0,157439057292534;0,32496041520256;0,716192279686932;2017-03-09 10:40:00
0,67056979949438;0,209057084079;0,674302046156765;0,176628051805273;0,522944527177089;0,159948765533982;0,33270837987276;0,696137261146963;2017-03-09 11:00:00
0,656821273165206;0,203644822859108;0,690745065415248;0,183169186087447;0,525749073320017;0,155906721685262;0,348001412031005;0,711826793125744;2017-03-09 11:20:00
0,657530344776539;0,201640891903616;0,682844890942752;0,177565099850603;0,520894146896515;0,160320597452645;0,334609583666126;0,719433398033499;2017-03-09 11:40:00
0,629327675903247;0,210255120440627;0,685035035267699;0,17189506423628;0,525502021181903;0,154291130882535;0,344517408209913;0,696711253265124;2017-03-09 12:00:00
0,60642140018588;0,213257615155948;0,677248195731038;0,183198827616488;0,501622984687888;0,157796913214334;0,350561069911236;0,695282181272583;2017-03-09 12:20:00
0,591110009730708;0,204391280727724;0,683078764934657;0,206181810425319;0,521419292830864;0,154451002400951;0,377786678023907;0,701072432536289;2017-03-09 12:40:00
0,590111513911155;0,191817787064385;0,694353415567611;0,192649189726273;0,507149088874971;0,149287305540288;0,372845871860863;0,705151844533606;2017-03-09 13:00:00
0,595733709751245;0,198116229667031;0,69085532202348;0,188139264191773;0,517171826808644;0,149085367938094;0,385123288666185;0,695622694584122;2017-03-09 13:20:00
0,579167237586164;0,19775120617697;0,674932063166627;0,206984348696719;0,501590165315792;0,154456671434635;0,391486143896545;0,721857852468079;2017-03-09 13:40:00
0,617776423583549;0,178962887596502;0,717451411642811;0,188838389064196;0,527927742851399;0,139554528549541;0,38498740397729;0,719720548663958;2017-03-09 14:00:00
0,616757094054249;0,179747156909157;0,706815311677837;0,196561856056826;0,517332434092377;0,144872782096297;0,387841257952676;0,724366274709664;2017-03-09 14:20:00
0,599777400494876;0,181179812462484;0,697249547560502;0,189859590179567;0,523506458559897;0,139764162988098;0,401357463702788;0,734427441502721;2017-03-09 14:40:00
0,621708143771468;0,167620836087832;0,708473013034329;0,188929585336009;0,52824989634879;0,132139616550165;0,399169775819559;0,736093418867993;2017-03-09 15:00:00
0,589922235197026;0,171655156704549;0,704702803790376;0,188694518210081;0,528064208528783;0,131560933587778;0,405733145123297;0,741073754954802;2017-03-09 15:20:00
0,622736776214523;0,157977215969865;0,720610918006741;0,187378248329558;0,530641839453595;0,128155583938171;0,413934815607097;0,736921347291467;2017-03-09 15:40:00
0,59076422839579;0,171137524377744;0,72249380752001;0,201929839661596;0,510253371892645;0,134602298833244;0,419274088671577;0,742829173919212;2017-03-09 16:00:00
0,583705949316669;0,162854579672126;0,707164990995333;0,210928339766998;0,52528253701911;0,129054757385691;0,425421452693581;0,740784979838419;2017-03-09 16:20:00
0,574323323792932;0,169066971477334;0,700382170199889;0,202302187781457;0,51790451648461;0,131484666941111;0,440467247634784;0,726660784333972;2017-03-09 16:40:00
0,548856482748358;0,171933532104059;0,680726296126172;0,211779355645713;0,498650509745512;0,127985558280528;0,431966204265152;0,721072148187767;2017-03-09 17:00:00
0,514235459517962;0,171284774825738;0,669325713278415;0,210740427507754;0,509635501437018;0,118172667845343;0,439208150864255;0,731660171445573;2017-03-09 17:20:00
0,478572635525317;0,168058457451087;0,646154856028381;0,237748307564801;0,482592445544316;0,123241629368825;0,468332714935064;0,710115886408314;2017-03-09 17:40:00
0,445654717469743;0,180434066336948;0,606366550310287;0,239890136796274;0,480907944423107;0,115127033977037;0,478673283661106;0,708134441267193;2017-03-09 18:00:00
0,397618554521144;0,173865827254958;0,578983892701794;0,260308339357436;0,464981483465232;0,122054536849239;0,505075179023644;0,707598213114005;2017-03-09 18:20:00
0,359110691556087;0,184774060553995;0,548969054935082;0,300599529293671;0,459880421299163;0,115237255063592;0,525743577218151;0,713427236583052;2017-03-09 18:40:00
0,306497884294527;0,19708710657085;0,520196413877395;0,340436445295159;0,467355508899762;0,11980358573142;0,560832283256986;0,699691882179281;2017-03-09 19:00:00
0,288986709408155;0,199611822315295;0,501665537742046;0,361005457752757;0,455477540180489;0,119596204323819;0,602602091053182;0,721107013943048;2017-03-09 19:20:00
0,258445748141291;0,199477228597106;0,474688556400662;0,405279454705645;0,46512131163734;0,129789432387927;0,629060870660092;0,717433170193955;2017-03-09 19:40:00
0,243659840946518;0,210103918880409;0,475258028833467;0,427849474191812;0,464964117777162;0,121314711459419;0,663697884888431;0,737394534282653;2017-03-09 20:00:00
0,232797879919574;0,231519735884917;0,47443936267429;0,481843637677224;0,461164196927451;0,129237503339076;0,695003515195839;0,745807380890275;2017-03-09 20:20:00
0,216644103694768;0,228200645325757;0,465840967273833;0,497491526922647;0,474077306467436;0,137510148862644;0,714112743275436;0,752789345170659;2017-03-09 20:40:00
0,218953736879542;0,250654361317851;0,466588041768757;0,533095622451642;0,477043301508271;0,133395982903394;0,715986056472042;0,754242900375588;2017-03-09 21:00:00
0,212605692985483;0,250262976648403;0,475290471602295;0,549994645066473;0,47685876481113;0,134589245452524;0,734969354688264;0,763779788594186;2017-03-09 21:20:00
0,20421855552634;0,252563066770856;0,424461009039082;0,559320084097902;0,461477321069628;0,130977204657265;0,741439797037374;0,767222668438019;2017-03-09 21:40:00
0,20484902074256;0,24604194091276;0,426622739564901;0,571533592844485;0,470558804814575;0,133420174209864;0,759814880905744;0,758179432954683;2017-03-09 22:00:00
0,19113699573594;0,24873269488196;0,406183766520794;0,589237514451162;0,476997549397098;0,135434657068929;0,76121684357601;0,765559327451313;2017-03-09 22:20:00
0,193604803836792;0,248405437029866;0,378758026553703;0,622398464413427;0,458284576649335;0,13631759259801;0,76016390792666;0,758565058264039;2017-03-09 22:40:00
0,185073604445906;0,255044039075717;0,380945364745428;0,629784013468106;0,458794278388479;0,131299180536815;0,775147162232325;0,759785489212414;2017-03-09 23:00:00
0,179380358125627;0,269136165604285;0,357437586248333;0,63497742782779;0,485152730930979;0,128955720965054;0,793236564789268;0,760785969525121;2017-03-09 23:20:00
0,175932657343054;0,28273663696153;0,338010613770325;0,655538221012867;0,472461801316811;0,125737626740744;0,7778430143482;0,746642227389863;2017-03-09 23:40:00
0,171542833138236;0,292082015856478;0,331058511840613;0,681857388743846;0,467479511359736;0,128546260252381;0,796917504290158;0,763479653006211;2017-03-10 00:00:00
0,186285182573294;0,311129275571793;0,320572443899842;0,66356797364928;0,494392210382438;0,135966316224706;0,781613113249195;0,754037300898147;2017-03-10 00:20:00
0,182570552641842;0,327870340840347;0,304815688241066;0,672381274106694;0,487301116992745;0,135403466227747;0,783482009367213;0,753078874486808;2017-03-10 00:40:00
0,187558392095316;0,340451978861962;0,306464609086523;0,684377244837394;0,485531430040686;0,138454830798172;0,785316304822241;0,742454819005445;2017-03-10 01:00:00
0,178778168925427;0,359719769755925;0,29362702875838;0,672425239528435;0,487980027028923;0,140024519430357;0,775162207725634;0,74416473140775;2017-03-10 01:20:00
0,187524320818092;0,367164201683302;0,299968434439623;0,695869039976103;0,478331411395979;0,140192497137043;0,777612507159082;0,741089907754901;2017-03-10 01:40:00
0,188427585492892;0,38319530386149;0,290738268512288;0,683639912475772;0,489531917713944;0,143871671582359;0,769378928843775;0,738653878639774;2017-03-10 02:00:00
0,184820153354272;0,391655343453289;0,283228932448671;0,679518868564097;0,478883462939565;0,14591850529779;0,768034002502155;0,737519738025626;2017-03-10 02:20:00
0,189815712725992;0,402928230169576;0,290650607963911;0,6746063185577;0,48158119210043;0,150580351635517;0,761500047305829;0,724256029412346;2017-03-10 02:40:00
0,196950424711838;0,401265237715051;0,268097624301787;0,666341367963969;0,480798002458017;0,145986897852781;0,739938818638184;0,699516580690746;2017-03-10 03:00:00
0,198186627255089;0,408314133990735;0,272976203566812;0,659253981318563;0,456340386903484;0,145063189973056;0,731127647401755;0,719547829769143;2017-03-10 03:20:00
0,19111575944564;0,439699285866336;0,267886752780713;0,688758062117675;0,48321069611269;0,15263366724548;0,741805452297347;0,710130771776307;2017-03-10 03:40:00
0,195390687270044;0,446417548175143;0,273580873771679;0,68948120613685;0,476201942157456;0,154197787471113;0,738129389078568;0,705117741751969;2017-03-10 04:00:00
0,194103288499361;0,457314106732763;0,270671463645908;0,670354464954471;0,473883190840475;0,158130444988911;0,739666625847728;0,708589477989094;2017-03-10 04:20:00
0,199186236503066;0,464038952715703;0,268581014405668;0,682986425294005;0,476346582457783;0,16252941659344;0,729181684237;0,695854829901105;2017-03-10 04:40:00
0,198634239906146;0,466829077904394;0,265820156718872;0,671239864764704;0,474438674320664;0,162489650645089;0,736403513369113;0,698016757139124;2017-03-10 05:00:00
0,198021319684999;0,466752392476909;0,266855513089515;0,668457474658275;0,470737043059483;0,163498933771791;0,727843579783694;0,698836068229861;2017-03-10 05:20:00
0,201205465430521;0,458735606431233;0,270040973908412;0,663257857974742;0,473020683094564;0,16023656601453;0,72821208338215;0,700266589168147;2017-03-10 05:40:00
0,211406509539348;0,461758808173005;0,281493114279882;0,650546046544227;0,476149964491764;0,166266813120703;0,719250877973413;0,693726016322401;2017-03-10 06:00:00
0,205847348016465;0,458245195303515;0,274847251732959;0,648645457946099;0,477339708379584;0,159218803280004;0,722764347640438;0,700281373868543;2017-03-10 06:20:00
0,21131474379179;0,44592758277383;0,282805909708144;0,641540648975471;0,4811516500641;0,164524455140026;0,715588029551968;0,691360148637017;2017-03-10 06:40:00
0,220875713000404;0,434973592968135;0,293749475188463;0,600159977364945;0,473635777864161;0,15648260548147;0,691420255328798;0,68099059124875;2017-03-10 07:00:00
0,233321444717315;0,429073705624038;0,304460797516353;0,5784227375114;0,462752322855394;0,160283200704519;0,664079784554805;0,662781483926234;2017-03-10 07:20:00
0,26549580349063;0,404691591068237;0,328587755494011;0,525562050198273;0,471190549255242;0,163615499653626;0,629471889113698;0,646552598684206;2017-03-10 07:40:00
0,311880217267636;0,363962550151054;0,35838598832641;0,459605940732672;0,466290458282228;0,16787129904159;0,589510839696506;0,636188367540248;2017-03-10 08:00:00
0,365301582347205;0,320511801475029;0,410191507607183;0,344748787813152;0,460735924347842;0,150820367900253;0,507480646088417;0,63466380597637;2017-03-10 08:20:00
0,430593200975579;0,271293047978856;0,46420461213937;0,263020211853232;0,455370497597673;0,137621562075015;0,412494787119507;0,604830730537157;2017-03-10 08:40:00
0,531270393538417;0,233342574706656;0,550046214736869;0,196741098573801;0,474064179856174;0,137824713702581;0,364836548698576;0,620509249785007;2017-03-10 09:00:00
0,612734424690759;0,197608128305766;0,627633349944557;0,189123847255129;0,509936332463644;0,140697374266596;0,338174413218751;0,637777446805285;2017-03-10 09:20:00
0,650498823562343;0,214505757429423;0,663686698907771;0,179551948086013;0,508450612569275;0,14582935175708;0,320428479899083;0,665222855155763;2017-03-10 09:40:00
0,662364305851884;0,193558682798916;0,699484242730967;0,169174134707979;0,521956634048121;0,146168651952892;0,321858114892473;0,673473502316073;2017-03-10 10:00:00
0,671747173256178;0,204573809706815;0,700816877590117;0,18058820119546;0,513345214448028;0,151474676309142;0,339794225443331;0,682170543565822;2017-03-10 10:20:00
0,680739005387667;0,200120484372302;0,718117706630471;0,173806017389317;0,517683851782906;0,150117540904191;0,332334415262159;0,687543547396683;2017-03-10 10:40:00
0,66160630016034;0,210994505401264;0,719945098066887;0,168351100117614;0,523949614564765;0,154491241959494;0,311599910985311;0,676388967915705;2017-03-10 11:00:00
0,659955740263035;0,194451514035317;0,705287995402093;0,173056136546327;0,514277565384472;0,154138622205646;0,31803585682538;0,691397628234246;2017-03-10 11:20:00
0,642224827899024;0,208556905187401;0,708108951405056;0,185465859787305;0,507843687770702;0,155093062717555;0,32800552927212;0,685437069315753;2017-03-10 11:40:00
0,629572927230713;0,195071414044713;0,723803713871603;0,18116406845458;0,505381279039017;0,16051485520639;0,317104604747896;0,689686137115947;2017-03-10 12:00:00
0,606676699892411;0,192398890527781;0,718393794598814;0,176478902438037;0,520028746523481;0,150151494748679;0,348204378117861;0,680808359937054;2017-03-10 12:20:00
0,57785936498265;0,200875268275677;0,698539641249709;0,190004256350271;0,487959794360961;0,158655218828333;0,346666545208034;0,669874012277946;2017-03-10 12:40:00
0,577260973771885;0,184758431100317;0,732534813868071;0,199711555837756;0,501022097253944;0,148397352706558;0,361148739260679;0,682914253435116;2017-03-10 13:00:00
0,594460558187756;0,194434943628682;0,71726021259555;0,210188338834967;0,509178013533063;0,145387424421027;0,367640461366082;0,685894135633566;2017-03-10 13:20:00
0,58765556447499;0,183585667062059;0,72882967560366;0,193212519124435;0,501025727532002;0,139628097349271;0,357152830454682;0,686550490132746;2017-03-10 13:40:00
0,6133365516884;0,18192359438448;0,732437979314111;0,202552631216956;0,495904085612612;0,147343605518968;0,376061123585158;0,682607899281503;2017-03-10 14:00:00
0,615510032331987;0,187628094519424;0,741376249422363;0,175637239890911;0,528872465359737;0,1407324624923;0,371118349835813;0,699286812519422;2017-03-10 14:20:00
0,602461979769092;0,180203789786261;0,738306045149875;0,193532617266622;0,500759443241131;0,1488715828765;0,384434373326201;0,699679633243556;2017-03-10 14:40:00
0,61389125714213;0,175509287279482;0,753839236433981;0,201634666879626;0,516561979203976;0,143059750345514;0,368146148961172;0,695991725568559;2017-03-10 15:00:00
0,59356751887273;0,176905821707826;0,733990886555888;0,201632150874024;0,5118904376469;0,136586879491162;0,374712548899336;0,692987859735862;2017-03-10 15:20:00
0,596423982336898;0,182035587903337;0,75691786502184;0,212242609620786;0,506760541245029;0,143005583070354;0,387733971407017;0,698204595730356;2017-03-10 15:40:00
0,581533310759593;0,191111815398156;0,721873400910522;0,212901708148846;0,51077880532916;0,138268821509025;0,380462237076959;0,677095464220815;2017-03-10 16:00:00
0,556953492763726;0,180139304612438;0,729445641362856;0,202909211224274;0,48704385059208;0,142291464443277;0,394895084456822;0,696006066917221;2017-03-10 16:20:00
0,546254995246487;0,174123978059535;0,711337022008012;0,205361926796373;0,512271750533515;0,136001979812955;0,404590682389268;0,682830157928818;2017-03-10 16:40:00
0,518810514388674;0,195324922905095;0,701129926475683;0,215102185503977;0,489919720844883;0,13608377668314;0,408803605646778;0,682392798292968;2017-03-10 17:00:00
0,489460310596848;0,198189080468123;0,666575929116305;0,219560377305783;0,477752659393303;0,13923675718274;0,412709249154222;0,675374007129004;2017-03-10 17:20:00
0,472736908186712;0,192601641135412;0,624318396871255;0,223796870076437;0,484611347076896;0,13987631201714;0,453872160596495;0,6668596598187;2017-03-10 17:40:00
0,411640249703005;0,201732365754651;0,617275466370346;0,247698242528771;0,465026077802347;0,137934114247497;0,459865007830617;0,670544610486282;2017-03-10 18:00:00
0,345675520807163;0,203047433587399;0,582863357080719;0,276107329324121;0,466261849098831;0,144088043487568;0,505711695662099;0,673346279963983;2017-03-10 18:20:00
0,321639416728849;0,215525341579252;0,535228312288401;0,299278626654942;0,44743577495533;0,143655847469831;0,552249625167511;0,670354384573118;2017-03-10 18:40:00
0,26977650006641;0,218898771710243;0,502885418514386;0,340864383725697;0,456078146189848;0,14007654358909;0,556890694982993;0,668386926234636;2017-03-10 19:00:00
0,242323999739603;0,219777770962651;0,487071762037556;0,389971327919917;0,455704770418788;0,131048788754201;0,604409205958199;0,693742951992974;2017-03-10 19:20:00
0,210810322332884;0,238825990212476;0,473199673520535;0,421804661510963;0,458023532028554;0,146626441062761;0,640889057972674;0,708600534517991;2017-03-10 19:40:00
0,19711141648466;0,250224704327135;0,439988552130908;0,467183454642228;0,463035825210405;0,152429955140565;0,670407752978441;0,719459494449401;2017-03-10 20:00:00
0,195383087659338;0,24717108354172;0,455125815162411;0,484216789942648;0,470371591670955;0,147017090452721;0,687726980752526;0,728730750271886;2017-03-10 20:20:00
0,181153563992851;0,266825506815125;0,430027320333925;0,504120829231109;0,481264336030919;0,159403901892243;0,705240383387128;0,742908061163658;2017-03-10 20:40:00
0,17815283553595;0,274800424459612;0,441161334961068;0,543304197608873;0,482115065004421;0,162196386279472;0,717533103248071;0,751328119543879;2017-03-10 21:00:00
0,170781454716278;0,279840989200407;0,41690531643675;0,564846081571238;0,473012453559364;0,167549680378221;0,731900144068388;0,764027854211886;2017-03-10 21:20:00
0,170196906729803;0,291456748884585;0,399428760389247;0,579100972195927;0,465056531332483;0,164636750656128;0,745393451595679;0,75936387757823;2017-03-10 21:40:00
0,169262372789121;0,276121180147965;0,393838859323116;0,602959879046564;0,479876540791469;0,160175077863679;0,77068219647415;0,758763154308516;2017-03-10 22:00:00
0,16624195718354;0,278832846882556;0,39035576773444;0,600527392678786;0,464424225362331;0,156387147909202;0,755427645699318;0,753638319329585;2017-03-10 22:20:00
0,163363875345016;0,290637507387127;0,369173400770491;0,632375840749917;0,477012104005428;0,153013238611205;0,796390398666569;0,760092517867605;2017-03-10 22:40:00
0,154309137176838;0,282537159511338;0,355943648162426;0,642199417880353;0,458723067757579;0,144990386698526;0,789162107301949;0,753954334435033;2017-03-10 23:00:00
0,155837785663425;0,303357517335912;0,338809536002175;0,654099535955797;0,461211411262401;0,15060776835386;0,782244471258454;0,739002362913478;2017-03-10 23:20:00
0,157063724174294;0,307912983749439;0,317946300500012;0,670843808399539;0,483401286505934;0,146651897905541;0,803339751850756;0,745267745895577;2017-03-10 23:40:00
0,160611306043612;0,32330619672513;0,294388160829073;0,685255695594593;0,482545420125486;0,148200445433929;0,803534981360937;0,74649590993217;2017-03-11 00:00:00
0,151948668197544;0,328353776887732;0,291383521016749;0,702536602402575;0,459187173353886;0,151789954288953;0,809735807093526;0,738822058111966;2017-03-11 00:20:00
0,153030311430795;0,346584896352275;0,284882576525846;0,701715696978653;0,472636480118403;0,149043291900256;0,810117026975721;0,736242120958333;2017-03-11 00:40:00
0,155866699558638;0,36049467596908;0,266355701435331;0,719386642431631;0,462222691379967;0,148612577464645;0,798159747659906;0,72303547277069;2017-03-11 01:00:00
0,160540014892827;0,377932458969541;0,253292236337107;0,707982143772545;0,470489912295491;0,156450451831429;0,796841764179833;0,722737673469038;2017-03-11 01:20:00
0,165421474431054;0,393480023101893;0,251322150458448;0,721223281158448;0,463764552536569;0,163868269588159;0,792385961817244;0,719745678572923;2017-03-11 01:40:00
0,167992597481804;0,398958711256388;0,245319572839756;0,713857367099559;0,470683696389229;0,164662066492854;0,789013129641397;0,713024356305071;2017-03-11 02:00:00
0,163491045496949;0,414432488734959;0,243770028083388;0,716148511760382;0,467918145786148;0,164192483969672;0,782017893987579;0,709724623409924;2017-03-11 02:20:00
0,165930376249801;0,418410059462351;0,244042060506748;0,728810177771076;0,460574015269276;0,165694748359873;0,782145550236724;0,707345133996395;2017-03-11 02:40:00
0,159523450714743;0,426878867642793;0,228328025992395;0,700550742815064;0,458213761122238;0,171662696282836;0,76174463338754;0,710554035781112;2017-03-11 03:00:00
0,159896220141262;0,437182633532185;0,239002577091847;0,725380872749307;0,458796561990852;0,167258913627579;0,756742439132656;0,676410858299687;2017-03-11 03:20:00
0,170403579478023;0,456109741181023;0,232184661913168;0,715479481972225;0,454868963049969;0,170784509509373;0,761927650952824;0,692570504849392;2017-03-11 03:40:00
0,167177830685871;0,467917038395476;0,228964550701868;0,720618432622084;0,45026165674047;0,173903002272219;0,774172478854062;0,68428071471331;2017-03-11 04:00:00
0,171826537078267;0,485085639178417;0,223776288232827;0,718881281991013;0,456710884152607;0,179488532605685;0,74910905645416;0,682231255101621;2017-03-11 04:20:00
0,17264231969772;0,477436260966357;0,233577493526998;0,713643329987927;0,455796593598353;0,178527382889992;0,750250574639054;0,688376261415841;2017-03-11 04:40:00
0,173928736254281;0,486758754870852;0,225734946586129;0,720129114519408;0,459194645145098;0,185995090394768;0,745016192732223;0,682942006055622;2017-03-11 05:00:00
0,163783461477362;0,467323137687553;0,237368318802766;0,703112584654117;0,456025914712305;0,171822856697463;0,749270681560166;0,698322956671287;2017-03-11 05:20:00
0,161087006118929;0,453633744808385;0,261174941206942;0,701646639548247;0,451815145190707;0,161070689784049;0,73828737027622;0,71015630002275;2017-03-11 05:40:00
0,162631305076816;0,455297829196229;0,254878653492499;0,691067059039691;0,460676261189634;0,158338535462805;0,739399107580401;0,705254718741674;2017-03-11 06:00:00
0,16716115406404;0,452540735766575;0,255265204076959;0,676892238376475;0,461879751667523;0,158541954292246;0,729686865872049;0,709067915542504;2017-03-11 06:20:00
0,172547386236187;0,442921304077566;0,256065541991886;0,679615780318475;0,455214052973237;0,151145160872011;0,725179967070099;0,710903426199162;2017-03-11 06:40:00
0,173314124046308;0,438001904817446;0,273895984912218;0,641288654713327;0,475631610135428;0,159475626870612;0,71860726020016;0,704401589440631;2017-03-11 07:00:00
0,184291043237032;0,422778836642995;0,26793083576497;0,624751255492447;0,446131036395631;0,165509040176203;0,698566237564305;0,679569752658658;2017-03-11 07:20:00
0,209315331198395;0,400071243452607;0,302057735988619;0,577222166977437;0,44011119775091;0,150474091525633;0,666064630108648;0,672929477485674;2017-03-11 07:40:00
0,269147774558256;0,386385401378056;0,317946406609874;0,521546086846939;0,445680831564036;0,157491452728897;0,604484806627499;0,67226215363277;2017-03-11 08:00:00
0,282033813311781;0,332037810787873;0,36053727687816;0,432422672499337;0,45177198403628;0,144272833863768;0,568477355566369;0,631834007833744;2017-03-11 08:20:00
0,354043968247532;0,26747273679474;0,420744335341247;0,341317202039031;0,455522779730911;0,145200548410117;0,470720420775246;0,639995650333901;2017-03-11 08:40:00
0,447863345280332;0,270643581693803;0,49010143666471;0,311546085373488;0,475539728525044;0,12740382123814;0,47596871048831;0,637507253070249;2017-03-11 09:00:00
0,506483116681574;0,239461720029142;0,564157552905882;0,269262622950313;0,495410213887204;0,144685424405446;0,428375037224406;0,680363645101585;2017-03-11 09:20:00
0,544183317121818;0,229288859516067;0,596843274438415;0,245662564357793;0,506631653200824;0,140743779961557;0,424362780547371;0,679745659983159;2017-03-11 09:40:00
0,545698675070743;0,226362722669278;0,595120551711422;0,23815156659484;0,498543641365873;0,146885005719667;0,428833746535335;0,704569266566836;2017-03-11 10:00:00
0,565873942046512;0,209275081659445;0,612907558281631;0,234834686915362;0,510931525352031;0,151272500721117;0,428398166769259;0,717537275681005;2017-03-11 10:20:00
0,571402026320511;0,215479485929409;0,618458806400249;0,223576000489562;0,509430231548814;0,13753308723077;0,413510973092883;0,714238886865639;2017-03-11 10:40:00
0,551216380901914;0,214559352135226;0,643407349172911;0,222247882304476;0,523862889835724;0,147468231864825;0,417561308941413;0,712022702574868;2017-03-11 11:00:00
0,549943827056452;0,224049460040529;0,636580574825325;0,228201843533616;0,501577384984208;0,138585542208329;0,404178648396232;0,708873299280842;2017-03-11 11:20:00
0,554975099107689;0,208803478315582;0,641091210239761;0,233420843020629;0,489332817457599;0,145352843753918;0,430985929966971;0,704652408308145;2017-03-11 11:40:00
0,520653024155527;0,205202736715503;0,641383091229884;0,203823157678274;0,504832318782709;0,147987962870356;0,406900356404689;0,694090426661656;2017-03-11 12:00:00
0,504780519035066;0,204787494586147;0,640031597426192;0,218534985483659;0,487783962936852;0,132963444505662;0,432031240981225;0,706393385710443;2017-03-11 12:20:00
0,486229184014141;0,191387827189655;0,62426485255649;0,222479781627525;0,486478794783265;0,134836268464624;0,447094999333886;0,706796927345357;2017-03-11 12:40:00
0,475671703726232;0,208277805122433;0,649116868743066;0,233829678309464;0,508227370550492;0,131802699464484;0,462145225790071;0,720029923173148;2017-03-11 13:00:00
0,48765252795497;0,192638499019831;0,662120411718692;0,212873314850366;0,507749031699944;0,125554198393785;0,442929172021578;0,720358197717623;2017-03-11 13:20:00
0,494585815262425;0,1828572919232;0,662073292446258;0,223217104964488;0,482900290559441;0,120505345826999;0,462235633628795;0,718220440680497;2017-03-11 13:40:00
0,483753291572037;0,185220901644061;0,668538269150557;0,221060036760849;0,485042617347489;0,134041688055429;0,45543516661263;0,723301195993016;2017-03-11 14:00:00
0,53139586921795;0,161719938888344;0,684212946965199;0,208002963999443;0,52592570109141;0,117477602802725;0,452195281496943;0,726675063345448;2017-03-11 14:20:00
0,492552611921736;0,182342594206614;0,676348471774124;0,224186041781723;0,490680532640802;0,112211992106307;0,462870799034601;0,727306071036119;2017-03-11 14:40:00
0,480419265966807;0,15764163660595;0,691536175604181;0,209154267717711;0,508164208897123;0,120673975194502;0,462067243567759;0,724449919141468;2017-03-11 15:00:00
0,478968369135216;0,163816758370852;0,698016698938858;0,224703051968504;0,508413880830559;0,105118435797156;0,494997157142137;0,732308141623899;2017-03-11 15:20:00
0,476055439975742;0,166736438348463;0,702097682663899;0,225107794402228;0,531489628581745;0,109774549755757;0,489446063290628;0,734841042985141;2017-03-11 15:40:00
0,42649461377444;0,159346929858326;0,68324515067989;0,229192430991059;0,495649060267604;0,108351116741478;0,502101988317369;0,733084936727953;2017-03-11 16:00:00
0,440229645710588;0,16463209702877;0,664247744709247;0,226820283643579;0,507176622826775;0,10959300906196;0,507191975212966;0,732873507705617;2017-03-11 16:20:00
0,404542071424336;0,168906988200863;0,678274238474168;0,236233333210008;0,494984891511986;0,108390549056946;0,504316877433542;0,720359723845334;2017-03-11 16:40:00
0,380163906869303;0,167291954190515;0,647606741112067;0,237080762169186;0,50297578969866;0,104089827076937;0,518025990008365;0,722874423210239;2017-03-11 17:00:00
0,348005194377269;0,159030641055355;0,64719610178378;0,249639216168601;0,498039043372064;0,107161867504035;0,538125328469744;0,736883804320206;2017-03-11 17:20:00
0,304715144973286;0,175852875062508;0,601143272163489;0,274445821957462;0,484364661142798;0,102580723058433;0,569163435895808;0,715059855061139;2017-03-11 17:40:00
0,284438370048926;0,187283098586399;0,589846390500838;0,289945491071505;0,470720578250087;0,0982180174504019;0,590875055145249;0,713803433632572;2017-03-11 18:00:00
0,234478726153302;0,177330992000502;0,554450708743258;0,308961320118245;0,452093619891447;0,10046171273306;0,616513324196694;0,710351015891021;2017-03-11 18:20:00
0,21948782867262;0,190525718516322;0,530639489723352;0,355911324679011;0,4472904448523;0,110060642445313;0,667899330681526;0,707404205712744;2017-03-11 18:40:00
0,175332066332;0,193337136607783;0,516772822584817;0,392573178378221;0,461790591761429;0,106146718318915;0,673124606637707;0,72947052777327;2017-03-11 19:00:00
0,174416979359428;0,209615070462579;0,47180535323828;0,414790602831205;0,441243569723401;0,116352498103581;0,71344198249508;0,727757993233019;2017-03-11 19:20:00
0,149767803476587;0,210809716779309;0,493784959281962;0,436728219828317;0,4536797991593;0,122961498747483;0,731942970144079;0,740282535149049;2017-03-11 19:40:00
0,141464494098165;0,230585822627531;0,495165334264125;0,46794593931077;0,466991843659779;0,127658049017245;0,730177636234062;0,749891946373054;2017-03-11 20:00:00
0,141453808269826;0,220217653669318;0,49160139446618;0,483605883561495;0,459688652624618;0,13422501374725;0,751634416148615;0,760870476669922;2017-03-11 20:20:00
0,145664112895259;0,242750645984927;0,502922122424546;0,488779013909989;0,470307116149818;0,13411072184658;0,75893658854278;0,769762981058994;2017-03-11 20:40:00
0,143348372336662;0,247432528286013;0,492331700900647;0,503481420082882;0,480953286978644;0,13666285918643;0,756847830378231;0,762160231966675;2017-03-11 21:00:00
0,146987459122177;0,253191590914055;0,500691073541147;0,523051846369984;0,477712041623824;0,139651043898447;0,77309608923978;0,78261901990692;2017-03-11 21:20:00
0,15159804167056;0,236806445467699;0,503758004102356;0,53496587264128;0,487192846099778;0,145226751987729;0,768987917692073;0,78556971204303;2017-03-11 21:40:00
0,148131301172253;0,233583229695246;0,501028048063698;0,525626009355165;0,489137539578275;0,133219798339914;0,791353945090934;0,786114515986993;2017-03-11 22:00:00
0,144633039661381;0,241279534917982;0,496082498455534;0,530062105656724;0,478413719791725;0,139561467354019;0,785781059873631;0,792125993231796;2017-03-11 22:20:00
0,156452597830659;0,232545602280929;0,484431793879232;0,550825939657746;0,490046341431463;0,130647323050146;0,801733535173186;0,796458081816831;2017-03-11 22:40:00
0,14898657008994;0,240329681182852;0,485960945193635;0,552468698121154;0,484335611246908;0,134211628172036;0,811791740041495;0,782374032062873;2017-03-11 23:00:00
0,150352513707616;0,236695277561464;0,472832445657977;0,569747569709651;0,478888584345397;0,134595108358183;0,808803293886169;0,788310409399826;2017-03-11 23:20:00
0,142530879241325;0,232311490494973;0,452932390391188;0,580558077877925;0,482630060143386;0,13030925578625;0,817670156036893;0,786973845424008;2017-03-11 23:40:00
0,147275261929018;0,234864726840659;0,454254238181991;0,580554395160649;0,489451457576813;0,132079233602133;0,830291802919282;0,791280585286795;2017-03-12 00:00:00
0,149791409748819;0,237573288605195;0,434215517259163;0,587552534364212;0,490386571336573;0,126528615951374;0,826704516999964;0,796364831668807;2017-03-12 00:20:00
0,14591611803512;0,234573216509745;0,438426901899892;0,588672502729448;0,4928475884549;0,123525300895089;0,839496638353874;0,791412509478808;2017-03-12 00:40:00
0,13848847734332;0,235360062517403;0,424869427020873;0,61536831583171;0,489914635878268;0,126054221147623;0,829853360897705;0,797838343712406;2017-03-12 01:00:00
0,142332516057321;0,240701393949472;0,417922991246926;0,604014263830932;0,500139403394991;0,12506133838052;0,843146996828748;0,790954182876147;2017-03-12 01:20:00
0,146417059765211;0,239748699516677;0,405782990654212;0,621739608317347;0,494710789539361;0,121832252102247;0,841133694394168;0,777914645783349;2017-03-12 01:40:00
0,141558008452612;0,237650436395331;0,402547486742348;0,59646638216951;0,490166444458314;0,12319441351798;0,842324967710033;0,788674509798776;2017-03-12 02:00:00
0,141101321392745;0,242924008133306;0,403233584894046;0,622206579276493;0,50430598547963;0,121632460538316;0,850185352021779;0,779130196190262;2017-03-12 02:20:00
0,148686242584077;0,244805072493462;0,399021757767963;0,62942274193972;0,510611152907887;0,123388613279747;0,841692270480671;0,776883309331555;2017-03-12 02:40:00
0,1439476358494;0,242963600792807;0,380165966140021;0,584743691208997;0,500309247879214;0,127798531174866;0,839524584700681;0,77298191269806;2017-03-12 03:00:00
0,141345612969957;0,235684025677406;0,362652773215552;0,591766624123382;0,492650736169054;0,11846958636289;0,837701398602774;0,773430460565536;2017-03-12 03:20:00
0,155230067336655;0,253508687897633;0,388949706777409;0,632395552728244;0,519197055368703;0,126040483523686;0,83917226290383;0,780774610660282;2017-03-12 03:40:00
0,150728694805054;0,252995442337737;0,377570991079233;0,640157920924908;0,510658875644439;0,127861194670394;0,850438890028584;0,785163382950402;2017-03-12 04:00:00
0,152571721268906;0,25403609430136;0,371958508419036;0,639598649080147;0,508043946341164;0,129293249514472;0,855437827241462;0,779795206094849;2017-03-12 04:20:00
0,153487961252561;0,253960659795112;0,378653578936561;0,639536326749754;0,513350160812258;0,126228135641593;0,857935065351517;0,780542752854748;2017-03-12 04:40:00
0,154570645872484;0,250493188519465;0,372383353445516;0,637868152272244;0,507287773338188;0,128677421790608;0,856709881292058;0,776733860838364;2017-03-12 05:00:00
0,150754072902496;0,260245468526371;0,378497672370595;0,643474990686257;0,516168610082947;0,129788919226391;0,851880583153719;0,779315044179839;2017-03-12 05:20:00
0,158359300839764;0,257058235130819;0,381028683014623;0,637986984948295;0,525604878016875;0,126792675185881;0,854916141669371;0,776772356193862;2017-03-12 05:40:00
0,153429678920398;0,257056235210702;0,374500807707146;0,65200165724353;0,504394725818715;0,130592865433226;0,846737133502648;0,781360861813257;2017-03-12 06:00:00
0,150322947959543;0,257829723683185;0,384434070504488;0,637192363161784;0,517449842318032;0,127195757313825;0,850992052887157;0,78152899539828;2017-03-12 06:20:00
0,161377077906507;0,246284068032275;0,379323845961359;0,634955706241775;0,521386917666698;0,129613118091937;0,848695897946435;0,778454996322409;2017-03-12 06:40:00
0,158904665996068;0,258991447350264;0,371692174886376;0,616835858445422;0,521004767097484;0,129102768505658;0,844082421839122;0,7700875809453;2017-03-12 07:00:00
0,16132306621591;0,258073075832635;0,387617790423492;0,609622734544809;0,515220738498995;0,123915467303582;0,840379619354293;0,77984143017496;2017-03-12 07:20:00
0,16811837664769;0,250338456933458;0,397836037093917;0,600806003857767;0,515734808519392;0,130339204188797;0,84030629278009;0,770728512515131;2017-03-12 07:40:00
0,177988486570162;0,248306191215247;0,378890407216757;0,5875142888753;0,502981461064394;0,123827635985242;0,8201559301853;0,768030717759729;2017-03-12 08:00:00
0,17146113287512;0,244680521958875;0,410298779627935;0,556921699351123;0,520873559610011;0,128796474877969;0,820104821895045;0,771442950049661;2017-03-12 08:20:00
0,189251264355797;0,24219580955639;0,425670614302056;0,53418835577899;0,50369024667294;0,128253228740584;0,79305821835472;0,754979948167434;2017-03-12 08:40:00
0,193418403265174;0,228048245928457;0,412459768264187;0,532795361011353;0,519238615879291;0,123981974529055;0,777934637777501;0,75771744981829;2017-03-12 09:00:00
0,20279656056912;0,2282524104913;0,448255661081566;0,50250914775983;0,515950122964789;0,127322764129211;0,773259928999539;0,764161441926956;2017-03-12 09:20:00
0,21074865311338;0,221532114116304;0,444762535593382;0,470770645512114;0,503867207625145;0,119045876256239;0,757920470420973;0,758628241420757;2017-03-12 09:40:00
0,213869449777747;0,219096146223624;0,490383689405472;0,437508400612953;0,511413836457265;0,114844998956336;0,750336708822572;0,747921858015445;2017-03-12 10:00:00
0,217882821570677;0,214333891694184;0,502913745920041;0,420937003812422;0,506560711963559;0,12292491815193;0,741793104146609;0,759992094007532;2017-03-12 10:20:00
0,220912668606185;0,20556265693327;0,498018560839114;0,394288360891313;0,528353518473885;0,114133305295905;0,709334541230189;0,738547673697745;2017-03-12 10:40:00
0,225549207826499;0,193344572174133;0,544687369239912;0,366485909629831;0,50195646648764;0,117125883777138;0,705165315715437;0,754555664328916;2017-03-12 11:00:00
0,22959768918446;0,186303096815239;0,544043238671076;0,34392623854026;0,515815469487296;0,108480421347041;0,696878981313127;0,750319292198905;2017-03-12 11:20:00
0,229978061296419;0,173600462977392;0,554487459112208;0,341832623052871;0,528817194841362;0,108038677949921;0,691930414380393;0,740888060749788;2017-03-12 11:40:00
0,217421395968937;0,187842072866283;0,571604336784344;0,316281440433;0,513960934799466;0,110037732464169;0,694757546983965;0,753331524633898;2017-03-12 12:00:00
0,220458794407925;0,167713269959156;0,597111928753485;0,313227314596283;0,496289125988908;0,103276950366033;0,673073113109297;0,739966134659884;2017-03-12 12:20:00
0,223628631999461;0,169831089404105;0,592321292332944;0,296496491702799;0,521292863118202;0,105682726221603;0,681844106270554;0,747817368601725;2017-03-12 12:40:00
0,214576624738778;0,165332653707947;0,598921915965638;0,286897253381219;0,495786207785265;0,100983420348211;0,686190280448851;0,74502608255616;2017-03-12 13:00:00
0,220485971152468;0,167013712387828;0,621142867820325;0,285073622139367;0,526732050596952;0,099516159523333;0,66430098436259;0,746516433193239;2017-03-12 13:20:00
0,219598285780199;0,149156252010189;0,627481861611287;0,273124203598867;0,50306837375347;0,0975325517165324;0,660707931670013;0,760507664085181;2017-03-12 13:40:00
0,226053241459311;0,161858536063799;0,660241478384562;0,260789210133856;0,509719449502729;0,0973858527784618;0,663882787360271;0,74533219147716;2017-03-12 14:00:00
0,226512508248962;0,150826292789948;0,65549201629813;0,245404756248382;0,513677983988065;0,0948452009831773;0,635168819083182;0,743820551542174;2017-03-12 14:20:00
0,234529605739582;0,144987908456666;0,686363267086721;0,192456405679432;0,512225314939321;0,0974572082073035;0,634842707166953;0,744085533869773;2017-03-12 14:40:00
0,236372948173304;0,140121070107372;0,695588251684526;0,206433901351285;0,518007767664937;0,088966970611038;0,611224351724834;0,744063094243877;2017-03-12 15:00:00
0,240393284682111;0,139928819238692;0,707530317525215;0,201230174597489;0,505929780386449;0,0853549488317849;0,605574713956659;0,734973642242395;2017-03-12 15:20:00
0,236077581497637;0,134572856036695;0,726824084768339;0,18350424114046;0,481851390323868;0,0876029244549519;0,593280820092823;0,736422068612944;2017-03-12 15:40:00
0,217564132951513;0,135991356950159;0,736443905683745;0,177572138128756;0,518278172200135;0,0862812285810315;0,575602064205394;0,751191865807007;2017-03-12 16:00:00
0,227178682058935;0,119827638385932;0,745153021132225;0,177367960267332;0,50248158853433;0,0852517875322655;0,582054177259071;0,748811504593682;2017-03-12 16:20:00
0,244404745102296;0,121312008384139;0,737633767978378;0,18049379413279;0,503383973445836;0,0900970477669687;0,563395708585604;0,743348399320141;2017-03-12 16:40:00
0,240008013408367;0,121348059492324;0,76166675009421;0,157505782586689;0,489132871518519;0,0885754616021799;0,576003277463248;0,756487139157165;2017-03-12 17:00:00
0,225621893866897;0,118613362897714;0,761949138150955;0,166388797030154;0,51038455894765;0,085122347336339;0,574837134222879;0,76125622086542;2017-03-12 17:20:00
0,230135241800198;0,122227840936026;0,769906680916462;0,171270610813404;0,492468175743007;0,0866837718577871;0,559683423682294;0,755301705292046;2017-03-12 17:40:00
0,234751544046659;0,121416274968333;0,745550968658203;0,188056998785336;0,492900746351016;0,0867259082877885;0,571758249041327;0,76972735662279;2017-03-12 18:00:00
0,243408577738245;0,122824238021202;0,772303078589745;0,179984396670824;0,507748214147674;0,0849420539324091;0,599048511156097;0,768322407473171;2017-03-12 18:20:00
0,231859836596728;0,135256137202226;0,753306892279682;0,195423978393815;0,504082938711235;0,091925592097242;0,620261793737721;0,77834222029622;2017-03-12 18:40:00
0,234744530408871;0,125074651505537;0,774534005447929;0,195510589342218;0,488687599462853;0,0944378790193261;0,61544260929857;0,788766254066405;2017-03-12 19:00:00
0,239678263366361;0,126340876447405;0,75830489912381;0,208970247113145;0,497259132309289;0,0898887529225814;0,643482776501989;0,788672735665582;2017-03-12 19:20:00
0,224551394724754;0,126271316549067;0,778867440609312;0,214467858906583;0,487430749356019;0,0967198175424834;0,667602034967984;0,789864489558837;2017-03-12 19:40:00
0,231107751602672;0,124438577687042;0,771035793872347;0,224579923928499;0,496475896742371;0,0975677845240053;0,668083031457093;0,800546769214213;2017-03-12 20:00:00
0,231751514098494;0,120765973640529;0,781505525103657;0,22358201956644;0,511947741211126;0,0941339056874152;0,681067632964129;0,803433057967448;2017-03-12 20:20:00
0,24280585470808;0,12324287109471;0,781954972677436;0,239206646605067;0,487967888937027;0,100732564642898;0,696134324173425;0,817864456141817;2017-03-12 20:40:00
0,237747622137666;0,114751450684037;0,783327000828031;0,244480985909591;0,508907055623457;0,0954302732815708;0,688168088973967;0,819319529291277;2017-03-12 21:00:00
0,245851322736104;0,124694633786655;0,801672794895815;0,250982175422624;0,486655092766539;0,0963176324709787;0,728066839984428;0,837003285560119;2017-03-12 21:20:00
0,251739655242903;0,12388571356753;0,800805824983156;0,25838239610444;0,528490033039005;0,100144794789834;0,7094376872696;0,819966386076466;2017-03-12 21:40:00
0,239054153660753;0,120282465599197;0,793299953220801;0,254096575111144;0,511210923501944;0,0952989047297589;0,715110376775764;0,833553146647505;2017-03-12 22:00:00
0,25017505229197;0,124820564783162;0,77824343305929;0,275930151537252;0,513068797776328;0,0948831280147649;0,716348796881236;0,830545770805074;2017-03-12 22:20:00
0,23051158861577;0,120694659230586;0,781735267904977;0,266328586574556;0,514682874044308;0,0885711815337927;0,720007625929646;0,829497205491172;2017-03-12 22:40:00
0,24023671304446;0,118284743282442;0,775683358153739;0,279762292155892;0,504568718811217;0,0916691255873531;0,724689443651776;0,824715934742825;2017-03-12 23:00:00
0,239794340984683;0,122088190577478;0,764383671970183;0,28884927369419;0,508738584022054;0,0874589149973356;0,727007701669039;0,82898555308712;2017-03-12 23:20:00
0,242688634824841;0,122682392541339;0,761057565860509;0,309093972094849;0,520383150425304;0,0904006741553527;0,741804737759709;0,833708466700656;2017-03-12 23:40:00
