"P1";"P2";"P3";"P4";"time"
0,453674644984299;0,356919893889025;0,810725330483812;0,0944482933740402;2017-03-06 00:00:00
0,446467230740383;0,367119845004659;0,80488949216929;0,0958969141475006;2017-03-06 00:20:00
0,445660395985968;0,374287694854914;0,808438533270552;0,0970117945040146;2017-03-06 00:40:00
0,440618917504252;0,378293104821311;0,808671998689287;0,0976371334515625;2017-03-06 01:00:00
0,441723468722111;0,390598736903152;0,801880794592478;0,0974648007717623;2017-03-06 01:20:00
0,427409289425318;0,372626298779164;0,80603737066337;0,0929595469134456;2017-03-06 01:40:00
0,439584207846796;0,372973834861764;0,790369382940955;0,0823459166756065;2017-03-06 02:00:00
0,430277236419967;0,377392325452782;0,789078801237184;0,0849335794477475;2017-03-06 02:20:00
0,432624035355003;0,392872836093574;0,784470821097457;0,0888636142610078;2017-03-06 02:40:00
0,41499013312321;0,398942196965131;0,788961148831938;0,0983164392749456;2017-03-06 03:00:00
0,425232225165674;0,414593330347641;0,799062520755634;0,100935959846275;2017-03-06 03:20:00
0,42311660713569;0,415770288089708;0,797979603323886;0,0997510780617403;2017-03-06 03:40:00
0,424313490382988;0,418588095275751;0,799356434280932;0,0997066361071046;2017-03-06 04:00:00
0,420628405685461;0,427276086080139;0,794877488740326;0,101871565222832;2017-03-06 04:20:00
0,413326989338433;0,420768466846365;0,793349592739199;0,102903536117742;2017-03-06 04:40:00
0,417993795867119;0,434918303738518;0,797557152348049;0,103443268002992;2017-03-06 05:00:00
0,411798733076723;0,42616530369926;0,79823511614127;0,104838350823413;2017-03-06 05:20:00
0,418402407748662;0,434428041616932;0,788852529719294;0,104787546483419;2017-03-06 05:40:00
0,418442048678951;0,428429556502728;0,795763971906759;0,105985651822935;2017-03-06 06:00:00
0,412917045375364;0,434148428737105;0,795996131165239;0,10632870211823;2017-03-06 06:20:00
0,415906431877762;0,431661991707516;0,796866578073313;0,107497880393118;2017-03-06 06:40:00
0,417006797961283;0,43145368360813;0,792864907288862;0,10433526069014;2017-03-06 07:00:00
0,420501212236334;0,427752499477628;0,798556371046622;0,104874780976079;2017-03-06 07:20:00
0,423742942337561;0,420332687516576;0,794011060613182;0,104576446962177;2017-03-06 07:40:00
0,416879456119152;0,41900984385529;0,790332859694617;0,102606940146664;2017-03-06 08:00:00
0,419440210005052;0,413935093098861;0,789258460306514;0,102366458539881;2017-03-06 08:20:00
0,430746585060496;0,407720722844455;0,799185911654836;0,100516052766884;2017-03-06 08:40:00
0,435343222846843;0,397591771963346;0,785484409753104;0,096388739757808;2017-03-06 09:00:00
0,435455084924725;0,369460515756798;0,785652512497507;0,0957678813354813;2017-03-06 09:20:00
0,435902216015385;0,351827489597394;0,781899888990514;0,0949785096257346;2017-03-06 09:40:00
0,444845994186903;0,339969661772162;0,784248928912033;0,0909420524935599;2017-03-06 10:00:00
0,445150486582617;0,343484291312612;0,773283855322705;0,0899398832007914;2017-03-06 10:20:00
0,437891119707995;0,308496092906082;0,777111887328688;0,0915710099021614;2017-03-06 10:40:00
0,451145711243224;0,306200153277747;0,774384559017949;0,085185729478856;2017-03-06 11:00:00
0,454655918604649;0,2928248352446;0,766760323745605;0,0856017312887854;2017-03-06 11:20:00
0,457114586212595;0,278988963596926;0,758874174080354;0,0795089284128758;2017-03-06 11:40:00
0,460411498429832;0,277179472388708;0,759804406177324;0,0809576158236115;2017-03-06 12:00:00
0,455829187498517;0,26899474949675;0,755128537530172;0,0790720071238419;2017-03-06 12:20:00
0,449721549190163;0,24770735620917;0,76046832013095;0,0857432413479939;2017-03-06 12:40:00
0,461810449343424;0,251754100442131;0,750618372896492;0,085276206327599;2017-03-06 13:00:00
0,466801246814156;0,254918714141878;0,765251524386394;0,0864161229588711;2017-03-06 13:20:00
0,474396727051207;0,246579855986067;0,752270974429664;0,0872140852753728;2017-03-06 13:40:00
0,486512508788025;0,239995806103458;0,759042042886387;0,0862648120512685;2017-03-06 14:00:00
0,486239702451693;0,234319433033994;0,752339601327922;0,0858465214672158;2017-03-06 14:20:00
0,487436483348355;0,220188970903207;0,735619039254429;0,0850150737153181;2017-03-06 14:40:00
0,488045697679138;0,213425991511089;0,746526620459338;0,0860311251921233;2017-03-06 15:00:00
0,499422166190065;0,201598742938687;0,734409124749866;0,0833603689164349;2017-03-06 15:20:00
0,499159057605925;0,205287388219727;0,73293900870723;0,0774878569105351;2017-03-06 15:40:00
0,501618598368732;0,188106486975037;0,726375114387214;0,0860769252668778;2017-03-06 16:00:00
0,498795295267463;0,190675904956836;0,727696238466746;0,0848132997821898;2017-03-06 16:20:00
0,510380683114328;0,198624044078669;0,724635943386021;0,0863702115986519;2017-03-06 16:40:00
0,524174944405318;0,186675612949096;0,730384151307616;0,0831128462174412;2017-03-06 17:00:00
0,523247348786798;0,202318887118206;0,735269761780681;0,0868813566790418;2017-03-06 17:20:00
0,53000230267246;0,202988532723368;0,739784323293019;0,0886782379954604;2017-03-06 17:40:00
0,53335304677085;0,20374538323115;0,7443294553115;0,0913026903878232;2017-03-06 18:00:00
0,519530397542058;0,20566459413051;0,731829986774762;0,0878242534980583;2017-03-06 18:20:00
0,517269339289302;0,224146470984546;0,746119711697438;0,0923278685668235;2017-03-06 18:40:00
0,524629256142898;0,23355903987002;0,753868562655104;0,0957776983339051;2017-03-06 19:00:00
0,524986793083246;0,232128608241964;0,762887448474885;0,0916183440637816;2017-03-06 19:20:00
0,542594842132527;0,249615739832454;0,751399110550938;0,0916795385969253;2017-03-06 19:40:00
0,517160129181746;0,249844258055476;0,771976322964221;0,0959216616464787;2017-03-06 20:00:00
0,520164764635096;0,269682122998425;0,77939153188338;0,0941614110229243;2017-03-06 20:20:00
0,530298922396259;0,276410258074364;0,782063569543677;0,0976197567405212;2017-03-06 20:40:00
0,527576820546997;0,287843579245659;0,786227352724883;0,0977582662278417;2017-03-06 21:00:00
0,524160707277467;0,288863628271811;0,789748278402127;0,0986602293878802;2017-03-06 21:20:00
0,520010002199851;0,300814451365225;0,78921822804146;0,0980582389748122;2017-03-06 21:40:00
0,521053436216058;0,305408005554226;0,789317046393381;0,0992598836953661;2017-03-06 22:00:00
0,515871005387482;0,306324910343259;0,791492111658355;0,0990977021113702;2017-03-06 22:20:00
0,521625682376475;0,306225669868851;0,789825288961452;0,100483274759143;2017-03-06 22:40:00
0,502479304679939;0,326968660523281;0,793455101180903;0,0989301086874751;2017-03-06 23:00:00
0,499100353718527;0,330853888438544;0,785124885728588;0,101685591212068;2017-03-06 23:20:00
0,492409696734386;0,3341539791424;0,788841474563432;0,107251643109539;2017-03-06 23:40:00
0,475052615804691;0,346531941088948;0,786635455850866;0,116813950391249;2017-03-07 00:00:00
0,469606867303977;0,35645582167822;0,776383327382284;0,12277503901784;2017-03-07 00:20:00
0,461015318270037;0,364813243251485;0,777872630659791;0,13016509020217;2017-03-07 00:40:00
0,457560972066956;0,365728570723415;0,767327118147631;0,141450899602728;2017-03-07 01:00:00
0,458708392323389;0,367393397310722;0,767869549916307;0,149770443700515;2017-03-07 01:20:00
0,451917475682049;0,363958127771941;0,7613512575903;0,159542036580426;2017-03-07 01:40:00
0,45095904864789;0,376380561502473;0,759435674593434;0,165248914770174;2017-03-07 02:00:00
0,44601050122738;0,375384577889528;0,753882679640404;0,17298081865747;2017-03-07 02:20:00
0,436897603348274;0,378798298349505;0,749479890793251;0,183496994922144;2017-03-07 02:40:00
0,429763974659389;0,363164979985582;0,723994244173335;0,184113015050635;2017-03-07 03:00:00
0,430421566861146;0,379561787361283;0,706186617506524;0,190555415867173;2017-03-07 03:20:00
0,421740535084828;0,386015859304233;0,731738137702024;0,203215012920934;2017-03-07 03:40:00
0,426604860057584;0,380029111444715;0,723344718488859;0,215536375444953;2017-03-07 04:00:00
0,421054794236595;0,388985210445815;0,722228542923878;0,222774807753686;2017-03-07 04:20:00
0,410300484477388;0,38716284213922;0,71563834038772;0,23095807227845;2017-03-07 04:40:00
0,418331794208518;0,381325967665782;0,716445322552211;0,233329893346622;2017-03-07 05:00:00
0,415944265255994;0,381710110389267;0,711893139347628;0,238770426938158;2017-03-07 05:20:00
0,417641683534899;0,382960300663832;0,715356373335301;0,231521260702437;2017-03-07 05:40:00
0,419987117026537;0,381262810658787;0,712550483223587;0,234213731980088;2017-03-07 06:00:00
0,419474442007718;0,375620448124871;0,710331588902531;0,23241466641889;2017-03-07 06:20:00
0,423898401102139;0,364242827575226;0,710878151550443;0,228234250434648;2017-03-07 06:40:00
0,427712275722603;0,355933736434984;0,701451000085872;0,222572807540866;2017-03-07 07:00:00
0,439142523987054;0,314114039631736;0,67957197300159;0,225194479774721;2017-03-07 07:20:00
0,446355467360457;0,310759467290834;0,673643981666162;0,218369939040678;2017-03-07 07:40:00
0,463289275860349;0,28562323683445;0,662447382884175;0,213600639770429;2017-03-07 08:00:00
0,481498680612989;0,240176522490797;0,649015917141768;0,190991375856791;2017-03-07 08:20:00
0,521737608011897;0,21410996868216;0,612874481562536;0,173376369657995;2017-03-07 08:40:00
0,573073693720762;0,203675374372384;0,609161161670036;0,171184605736766;2017-03-07 09:00:00
0,619007449246412;0,189435849446821;0,615131881647189;0,170686530250162;2017-03-07 09:20:00
0,638750990117781;0,190810008916342;0,631944738358712;0,175445886044662;2017-03-07 09:40:00
0,652012163391567;0,201299722042743;0,634941605725661;0,176509383116621;2017-03-07 10:00:00
0,672826360704211;0,187523522872253;0,629824686895321;0,177088361928232;2017-03-07 10:20:00
0,649626565467467;0,2011515159334;0,637550527589907;0,183444223317154;2017-03-07 10:40:00
0,667261399507024;0,197881173517627;0,631022399674502;0,182657835138854;2017-03-07 11:00:00
0,648418304833026;0,18726562483448;0,633031921850989;0,183616865049832;2017-03-07 11:20:00
0,649926363893854;0,206422455746255;0,631588797083816;0,178713892903842;2017-03-07 11:40:00
0,617597186003949;0,209004514479457;0,628525293990695;0,187787056300943;2017-03-07 12:00:00
0,631717040026524;0,210953579048453;0,628653064111669;0,187813272348491;2017-03-07 12:20:00
0,604418895898279;0,217062801838293;0,63564908766441;0,187382748864961;2017-03-07 12:40:00
0,630977901380753;0,210975533113166;0,633040744279558;0,174608483757166;2017-03-07 13:00:00
0,62094755146245;0,235319654137776;0,625989979343676;0,181496553040837;2017-03-07 13:20:00
0,650682536024755;0,213350975145739;0,638324259392843;0,171174447086713;2017-03-07 13:40:00
0,632854587606636;0,218544736913518;0,627758639081652;0,174580617700057;2017-03-07 14:00:00
0,642283655828541;0,212755475934902;0,647439259338027;0,163989072265496;2017-03-07 14:20:00
0,638771845229402;0,210535801668468;0,627848787131665;0,170394968130474;2017-03-07 14:40:00
0,656034085804415;0,212061666749625;0,65199012988133;0,16223853645047;2017-03-07 15:00:00
0,647589026925029;0,216569751876095;0,648722183647341;0,161925368746362;2017-03-07 15:20:00
0,647255229136031;0,213852448930475;0,643965785636557;0,163980339960259;2017-03-07 15:40:00
0,638587374990459;0,211228848113896;0,642280257100897;0,149494596596931;2017-03-07 16:00:00
0,628382280693065;0,220455829501998;0,638824461606034;0,165154808172633;2017-03-07 16:20:00
0,592171838932721;0,229365530469738;0,640884414877855;0,163184661219867;2017-03-07 16:40:00
0,589416861741556;0,23439540950143;0,642436542432841;0,152808673235415;2017-03-07 17:00:00
0,562280976825875;0,246123964815501;0,640851442318794;0,152422830187219;2017-03-07 17:20:00
0,520613480050048;0,254364029809579;0,644298637475193;0,16080220447839;2017-03-07 17:40:00
0,505045154861718;0,27691218581625;0,65383177430412;0,167761180757598;2017-03-07 18:00:00
0,457276745112222;0,29672641587609;0,654476285275146;0,158751307047888;2017-03-07 18:20:00
0,435426171003518;0,335285711802869;0,657887664218869;0,167044968903163;2017-03-07 18:40:00
0,385727385855231;0,361591218027142;0,671065297802027;0,17252674574017;2017-03-07 19:00:00
0,355731541273502;0,389238973422468;0,667365014987014;0,178513633646484;2017-03-07 19:20:00
0,342641394860368;0,419777429200201;0,689811744537229;0,187889144562941;2017-03-07 19:40:00
0,331926370963592;0,452958643113931;0,694979342700543;0,190774998142238;2017-03-07 20:00:00
0,31113484127664;0,481096469195492;0,705884763145714;0,192371958706956;2017-03-07 20:20:00
0,315176346601879;0,505576960939787;0,710888119688292;0,20752205897251;2017-03-07 20:40:00
0,310846183448439;0,515824348799814;0,703969440050799;0,212158336759911;2017-03-07 21:00:00
0,304424739911026;0,540021363157614;0,718285265264191;0,211764037498919;2017-03-07 21:20:00
0,296704789221583;0,54886871688107;0,721092121423771;0,211161243961777;2017-03-07 21:40:00
0,294841954100809;0,557060927823985;0,709988625680342;0,204427355450083;2017-03-07 22:00:00
0,291638274210621;0,578919632119547;0,709684938010444;0,213242403022167;2017-03-07 22:20:00
0,282280685176908;0,579708661020059;0,719634862757412;0,207525968297064;2017-03-07 22:40:00
0,276185588897915;0,590197194260045;0,716693108042762;0,208674076985481;2017-03-07 23:00:00
0,272542129459791;0,596975252290398;0,715832121747428;0,207752624608831;2017-03-07 23:20:00
0,272336610146134;0,604633113333156;0,708322270064345;0,215889514725253;2017-03-07 23:40:00
0,26936230694399;0,617015459237557;0,697627511787566;0,22401354878534;2017-03-08 00:00:00
0,260214481429509;0,624027012928504;0,701025883394393;0,232963573226691;2017-03-08 00:20:00
0,259846101432052;0,623957570780544;0,689669887862622;0,243430385547499;2017-03-08 00:40:00
0,258279176521362;0,632985880102462;0,678972633190591;0,252348905159087;2017-03-08 01:00:00
0,245500119671045;0,632081403376198;0,676199813365838;0,265181472783901;2017-03-08 01:20:00
0,255253676699802;0,634758512121208;0,670109297770307;0,270336790764248;2017-03-08 01:40:00
0,253660693671131;0,640589348570188;0,662937008441561;0,287727395319337;2017-03-08 02:00:00
0,248926661375366;0,630491016785298;0,662768577288462;0,289387065340749;2017-03-08 02:20:00
0,255434106863178;0,637421701008644;0,654834624052327;0,296353334982867;2017-03-08 02:40:00
0,232214221389706;0,601081989662487;0,641178092158415;0,285166619187258;2017-03-08 03:00:00
0,237010804283165;0,628602774399068;0,62408616115986;0,301434699252861;2017-03-08 03:20:00
0,24541643942534;0,621668330014466;0,631738461141752;0,317954033156486;2017-03-08 03:40:00
0,244020174642278;0,630423580225986;0,624878282057159;0,328036556218686;2017-03-08 04:00:00
0,248090578323421;0,632429752077551;0,622686844681101;0,332533849388075;2017-03-08 04:20:00
0,244407322502156;0,625811762498506;0,611676302463737;0,339524283952649;2017-03-08 04:40:00
0,24174902059577;0,627185978123321;0,617334914489801;0,340740611466943;2017-03-08 05:00:00
0,257151209246608;0,610655564268166;0,616356851699954;0,343352777929884;2017-03-08 05:20:00
0,254978636372763;0,604132042353707;0,624269127771542;0,333389964412198;2017-03-08 05:40:00
0,264936594842113;0,59822934594258;0,61853904911833;0,338786903779309;2017-03-08 06:00:00
0,261437788620243;0,595674454056186;0,613749773107407;0,33239605349832;2017-03-08 06:20:00
0,264878634785826;0,582552332025652;0,613608524477594;0,331193265763111;2017-03-08 06:40:00
0,272306633102896;0,563891568849232;0,609175752722992;0,323476230419115;2017-03-08 07:00:00
0,285240728505422;0,518403361232608;0,590556156280834;0,318526032116139;2017-03-08 07:20:00
0,310850184569116;0,469345360033513;0,573530224037207;0,315339451393569;2017-03-08 07:40:00
0,338578421822181;0,400789111379681;0,566304866884884;0,28227419200406;2017-03-08 08:00:00
0,38172356824734;0,325613669733483;0,53103367823421;0,254543820576136;2017-03-08 08:20:00
0,478153485770266;0,237715131038665;0,508934339818613;0,216756846034802;2017-03-08 08:40:00
0,599737465248784;0,195842800742108;0,516547168456483;0,18571975896415;2017-03-08 09:00:00
0,684258620573466;0,172126014623267;0,523804698495831;0,181712330521443;2017-03-08 09:20:00
0,735254295190981;0,161253982166906;0,555416908472591;0,181791739064658;2017-03-08 09:40:00
0,75938486957243;0,157599525908181;0,572764745588925;0,176657645078546;2017-03-08 10:00:00
0,760619056562946;0,147548369400058;0,571151853539086;0,181185713989309;2017-03-08 10:20:00
0,76961355720916;0,158108913645065;0,582266331184421;0,183234966426529;2017-03-08 10:40:00
0,762563212795137;0,161277891184267;0,586282381160369;0,186836722096875;2017-03-08 11:00:00
0,760409751281715;0,152455950698375;0,58315763742778;0,175159452511628;2017-03-08 11:20:00
0,75160447841557;0,163420348401129;0,585270312836896;0,179698383667043;2017-03-08 11:40:00
0,746668600074532;0,161776717693828;0,593321137625716;0,173974348623753;2017-03-08 12:00:00
0,716450916972316;0,17543494948518;0,5816228523193;0,167313864998169;2017-03-08 12:20:00
0,722576152295816;0,182315040274862;0,594863135003146;0,176930455695764;2017-03-08 12:40:00
0,717139144160975;0,182685081882777;0,599587047555112;0,166715376809373;2017-03-08 13:00:00
0,713052719179629;0,184088152632472;0,599623971002063;0,163796163368674;2017-03-08 13:20:00
0,723306957718186;0,184128787230026;0,594754133187829;0,159292709596821;2017-03-08 13:40:00
0,746074924659354;0,177716515213866;0,608205067821309;0,155225471074099;2017-03-08 14:00:00
0,73878145765542;0,17949238250857;0,603195417626595;0,154668490180061;2017-03-08 14:20:00
0,742417609020554;0,179126902971487;0,61085890739134;0,149191500555364;2017-03-08 14:40:00
0,740873898180722;0,176790993808963;0,618012267429975;0,150183647385484;2017-03-08 15:00:00
0,739567076183958;0,18589303974538;0,608471776457725;0,143705411100312;2017-03-08 15:20:00
0,741295473307544;0,182033329949307;0,616917781921868;0,135690895220312;2017-03-08 15:40:00
0,729254935649395;0,187109588265593;0,619755238308732;0,13817172000072;2017-03-08 16:00:00
0,721301629669981;0,193594667927294;0,625858979419814;0,136108142920689;2017-03-08 16:20:00
0,716246035856049;0,200818424069119;0,624648011704877;0,134184166319765;2017-03-08 16:40:00
0,681504500294137;0,208250476387292;0,619621700451717;0,128702316704859;2017-03-08 17:00:00
0,65147873083067;0,20560986172702;0,63132024005769;0,12635287322356;2017-03-08 17:20:00
0,614223173021304;0,230699441074145;0,625324687703691;0,124111462662169;2017-03-08 17:40:00
0,585641957909662;0,232585408409115;0,630661743690767;0,126306436937922;2017-03-08 18:00:00
0,53139456969765;0,262560511959137;0,630223174251682;0,125187305998147;2017-03-08 18:20:00
0,478146949848737;0,29176289348133;0,645458523960968;0,125631012351717;2017-03-08 18:40:00
0,408300633997091;0,333554827631865;0,657653416238116;0,132098716369329;2017-03-08 19:00:00
0,392543612940641;0,354300246712877;0,670484820318045;0,134396402460087;2017-03-08 19:20:00
0,359773423459179;0,402335875290984;0,671387651932164;0,146423621348868;2017-03-08 19:40:00
0,347422468249034;0,42784030781816;0,694837373830337;0,145180168472929;2017-03-08 20:00:00
0,347466576904597;0,458605375951079;0,706921017055218;0,152286181216698;2017-03-08 20:20:00
0,334036919214209;0,48649023190762;0,723664101367149;0,162974382857708;2017-03-08 20:40:00
0,326509536808743;0,508765207858508;0,73690804708;0,163818495454325;2017-03-08 21:00:00
0,326270488150719;0,521637581187479;0,734947658635701;0,164324494207955;2017-03-08 21:20:00
0,314731453151642;0,544841615369836;0,74405521842635;0,161550821490287;2017-03-08 21:40:00
0,307364134906962;0,539792674640138;0,730448228106114;0,165219052694787;2017-03-08 22:00:00
0,30832586497851;0,552426709617053;0,740322789981002;0,160393492329202;2017-03-08 22:20:00
0,290038855435261;0,566820789002916;0,738391316004271;0,159691495935813;2017-03-08 22:40:00
0,293282116224308;0,590783649105311;0,731934034944731;0,162639325717675;2017-03-08 23:00:00
0,292681602821238;0,590859900453991;0,729260144044821;0,164551208000141;2017-03-08 23:20:00
0,281139279822463;0,611328902240453;0,728948082653126;0,170175001091628;2017-03-08 23:40:00
0,281980489032883;0,609172266327318;0,725928804945703;0,18110548501642;2017-03-09 00:00:00
0,266766042740616;0,616615780265494;0,722732063867972;0,190594359115178;2017-03-09 00:20:00
0,270711745274924;0,627513449297768;0,719843855829752;0,194624462206549;2017-03-09 00:40:00
0,266645155600961;0,624222678528046;0,716225994869866;0,199538762467273;2017-03-09 01:00:00
0,266276646160048;0,626865165953939;0,709166626854329;0,213289299362282;2017-03-09 01:20:00
0,271453176563808;0,627350785545304;0,703517316653173;0,218446327986347;2017-03-09 01:40:00
0,264202250060088;0,622977426428864;0,697490079809269;0,228049026651164;2017-03-09 02:00:00
0,266190846011278;0,632964971049123;0,691701009864404;0,23303603355105;2017-03-09 02:20:00
0,260946752385434;0,631438195525928;0,69025606156459;0,23850764591581;2017-03-09 02:40:00
0,259440975509963;0,621758234103589;0,669999969826803;0,248151306406192;2017-03-09 03:00:00
0,250052368636593;0,624351189840061;0,668087987578023;0,255855697406933;2017-03-09 03:20:00
0,250562179195549;0,629671632756016;0,671387481065336;0,26169456634721;2017-03-09 03:40:00
0,258256869352661;0,623507168137722;0,661609205501129;0,276957580346867;2017-03-09 04:00:00
0,25267217901017;0,630896108052211;0,659398397324944;0,281951561516841;2017-03-09 04:20:00
0,257096399208575;0,631701635315616;0,655080211158401;0,292487706288249;2017-03-09 04:40:00
0,254322528324283;0,625510935738916;0,649373466003802;0,292291927372643;2017-03-09 05:00:00
0,259421995289862;0,623463699376871;0,654018204944344;0,290889457265276;2017-03-09 05:20:00
0,260013929876216;0,619048326374803;0,654186417462913;0,289318965143051;2017-03-09 05:40:00
0,264634979182315;0,616314257315457;0,652975884394236;0,291235954519514;2017-03-09 06:00:00
0,27600637166245;0,608005202488389;0,660140134146845;0,28160501085511;2017-03-09 06:20:00
0,264412692452397;0,612427226238769;0,645879641613658;0,291813079248076;2017-03-09 06:40:00
0,271459581923646;0,58618341061274;0,634304813198833;0,283944623055102;2017-03-09 07:00:00
0,290204864104072;0,538064278002559;0,627583186578857;0,277789369520079;2017-03-09 07:20:00
0,301445605542954;0,510785985447281;0,604176175913215;0,280141293981703;2017-03-09 07:40:00
0,350488483194803;0,452426120280247;0,603900409664147;0,25862432039397;2017-03-09 08:00:00
0,396118670365585;0,380639624028489;0,578190139997482;0,241225589107467;2017-03-09 08:20:00
0,448234039868063;0,308596378931227;0,565227774696607;0,214002560004244;2017-03-09 08:40:00
0,538641266125157;0,262171037987925;0,5607978726957;0,199274697595258;2017-03-09 09:00:00
0,608475061179909;0,228725507680398;0,570546600054441;0,191586803342484;2017-03-09 09:20:00
0,652341329781633;0,234329828595685;0,592165507944925;0,19197767521049;2017-03-09 09:40:00
0,67178958490907;0,220977077428479;0,595194983916303;0,190795806818498;2017-03-09 10:00:00
0,679753359093974;0,226919924292817;0,605574381307581;0,196964142932985;2017-03-09 10:20:00
0,67720328685113;0,220708779007321;0,597505925049385;0,19929125821298;2017-03-09 10:40:00
0,673729244857859;0,21593058773564;0,596286042389947;0,195309550416233;2017-03-09 11:00:00
0,666745035700706;0,224759380916496;0,608164440602892;0,194543599515742;2017-03-09 11:20:00
0,671882244864054;0,225620541351651;0,600937175415384;0,193259588947237;2017-03-09 11:40:00
0,653948474342674;0,222468829227358;0,600677536525303;0,19035646735592;2017-03-09 12:00:00
0,635081378305743;0,228898929050105;0,596779769186904;0,193174476288976;2017-03-09 12:20:00
0,627664065502886;0,24723457022303;0,612504697524039;0,187893761910892;2017-03-09 12:40:00
0,626608573704615;0,231500451266291;0,61358071001742;0,182574464726761;2017-03-09 13:00:00
0,637470954617671;0,233340694166032;0,612478833499755;0,180784488657226;2017-03-09 13:20:00
0,614319557465952;0,249288364455103;0,620101458846985;0,187006377929157;2017-03-09 13:40:00
0,663475648929635;0,228406573370267;0,629687401245399;0,168072426614041;2017-03-09 14:00:00
0,657025016240997;0,242684192306947;0,622933994576471;0,172458699287652;2017-03-09 14:20:00
0,639966991654269;0,236889930561662;0,641348249482709;0,167377550924592;2017-03-09 14:40:00
0,661710143153482;0,226921625824926;0,640856899974083;0,160922150990259;2017-03-09 15:00:00
0,646366294106458;0,239176950954372;0,641842115616361;0,157265583919219;2017-03-09 15:20:00
0,665630457079007;0,236752044724044;0,645312368429239;0,152319312357136;2017-03-09 15:40:00
0,645748447415715;0,247459525325737;0,648811538826215;0,158705808524284;2017-03-09 16:00:00
0,640196143345107;0,249991618900347;0,649009314610687;0,153717474398238;2017-03-09 16:20:00
0,635343445391225;0,258417477515197;0,637854145236796;0,154975534984722;2017-03-09 16:40:00
0,603367688424149;0,253632648648062;0,639817105519866;0,152271954311595;2017-03-09 17:00:00
0,590349198502834;0,261112466856771;0,637488889845895;0,146900794952421;2017-03-09 17:20:00
0,551629772426527;0,275717973107121;0,635585485637187;0,146184469040336;2017-03-09 17:40:00
0,524269726283924;0,288264305458628;0,626306033074645;0,144613294124777;2017-03-09 18:00:00
0,471829395602272;0,298127650271384;0,640219621918168;0,144444761437719;2017-03-09 18:20:00
0,434030062530748;0,334953736627363;0,644340494632549;0,14302543184806;2017-03-09 18:40:00
0,390975009937062;0,364295562746025;0,647248380522111;0,150733037907486;2017-03-09 19:00:00
0,372628985462087;0,387892371866327;0,666223839197143;0,147995449913068;2017-03-09 19:20:00
0,347854717824649;0,423329189356734;0,665648841818575;0,153620815989576;2017-03-09 19:40:00
0,329770413520391;0,438733975165378;0,694161232750025;0,153381815027431;2017-03-09 20:00:00
0,323399768140858;0,491460370515352;0,700737243739629;0,163205591030422;2017-03-09 20:20:00
0,309839790519958;0,500965096564083;0,714398282768184;0,166314699671374;2017-03-09 20:40:00
0,310053280059405;0,527112402469675;0,715938219341539;0,173079140707097;2017-03-09 21:00:00
0,313089442746659;0,542272264749042;0,723928015434297;0,172602671609324;2017-03-09 21:20:00
0,288735795270678;0,542054720298134;0,719944204340901;0,173067794433395;2017-03-09 21:40:00
0,289157533687642;0,549592598527331;0,723150972840534;0,172615035851942;2017-03-09 22:00:00
0,276471471875109;0,557224745306137;0,726177588785657;0,175505115753694;2017-03-09 22:20:00
0,270423848449616;0,581747956409014;0,711158182658775;0,173435000064616;2017-03-09 22:40:00
0,266723521415576;0,585239107889202;0,716755984236712;0,174469090352192;2017-03-09 23:00:00
0,253495767670408;0,600760420989546;0,721699060486864;0,180480814539653;2017-03-09 23:20:00
0,251497398913682;0,609184032984855;0,702862165815557;0,182697720886206;2017-03-09 23:40:00
0,24274632274118;0,631534809239964;0,713259120706249;0,189367183649588;2017-03-10 00:00:00
0,256334826130571;0,62262975103423;0,703644732838987;0,201737353245749;2017-03-10 00:20:00
0,244865917738025;0,631406198781669;0,702707611843881;0,207232270024527;2017-03-10 00:40:00
0,245048857018561;0,641090611142639;0,70051716536698;0,21273072884289;2017-03-10 01:00:00
0,243949803324968;0,63453975103782;0,69104942573847;0,222772355107016;2017-03-10 01:20:00
0,239060762891851;0,647044784670606;0,694769212061355;0,22801995611047;2017-03-10 01:40:00
0,245564179133474;0,641909790474263;0,687907823125768;0,235623281563323;2017-03-10 02:00:00
0,236869254001282;0,640151484269452;0,685755543589398;0,240272526233719;2017-03-10 02:20:00
0,244124905004354;0,638161619001357;0,677157148400349;0,24762990833125;2017-03-10 02:40:00
0,240177392946676;0,619685118676827;0,656730967652115;0,248488093716936;2017-03-10 03:00:00
0,230424584797529;0,619417867974206;0,662126383139704;0,252440623399529;2017-03-10 03:20:00
0,238983750484228;0,650925265977422;0,656241848939313;0,266102802653199;2017-03-10 03:40:00
0,241371835927698;0,647376067684701;0,654217936192231;0,270441055666113;2017-03-10 04:00:00
0,23461927957851;0,637957439342837;0,658422192191321;0,277565879840245;2017-03-10 04:20:00
0,241080520320712;0,641933226643033;0,646228960015701;0,28410646917469;2017-03-10 04:40:00
0,238683115123802;0,642159826972925;0,647814526897938;0,283726966967991;2017-03-10 05:00:00
0,238103788721896;0,636162515693543;0,647007085641989;0,284469356293386;2017-03-10 05:20:00
0,24233578978512;0,631498911420114;0,648193259403091;0,279608396381028;2017-03-10 05:40:00
0,24979637959308;0,626057990697301;0,645356993049508;0,283714757089568;2017-03-10 06:00:00
0,243650173411865;0,62269299950406;0,651240424627722;0,278302693209016;2017-03-10 06:20:00
0,253424435199487;0,618630619242704;0,643018226032442;0,275862766361176;2017-03-10 06:40:00
0,25935086074159;0,592852145043966;0,632544784157279;0,265849483872376;2017-03-10 07:00:00
0,269447568473611;0,569645383256164;0,617514068494565;0,265901856068834;2017-03-10 07:20:00
0,29678018766681;0,530146079655993;0,600380690010122;0,262160218589157;2017-03-10 07:40:00
0,327194459972187;0,473421492763857;0,594950609699528;0,248586260037518;2017-03-10 08:00:00
0,386057032772071;0,379084041860975;0,574167339135395;0,223688924799951;2017-03-10 08:20:00
0,428267860501579;0,302359609784125;0,550857962777843;0,198824630895416;2017-03-10 08:40:00
0,530523147446969;0,249493526303603;0,548628854237893;0,187662589165992;2017-03-10 09:00:00
0,619268512886093;0,236707983411764;0,55787784348745;0,176216873338802;2017-03-10 09:20:00
0,650306887424815;0,222724431727669;0,573467887122642;0,189726070200456;2017-03-10 09:40:00
0,669237053805545;0,2144086202429;0,585527350761517;0,182350686475467;2017-03-10 10:00:00
0,671815399528815;0,231970707263694;0,589696830933529;0,19029441636874;2017-03-10 10:20:00
0,683064199383114;0,219344122950033;0,598689383260324;0,187200448975356;2017-03-10 10:40:00
0,680921362253708;0,219679487218408;0,58425434273437;0,191503044144753;2017-03-10 11:00:00
0,669873014425733;0,217904228975088;0,593598560228257;0,185226310369355;2017-03-10 11:20:00
0,663043572740099;0,231340773821405;0,589771901492038;0,190218043164956;2017-03-10 11:40:00
0,650853143394314;0,225117340469812;0,598746541778574;0,187028993498888;2017-03-10 12:00:00
0,645430875575408;0,226332922010664;0,600284202945152;0,179872171337838;2017-03-10 12:20:00
0,618352598291876;0,238733297032057;0,584967027941636;0,18605668308651;2017-03-10 12:40:00
0,635195033673067;0,243221265601435;0,601360208480657;0,173189130785407;2017-03-10 13:00:00
0,636461349447288;0,251204539000352;0,60732598668594;0,175505453626622;2017-03-10 13:20:00
0,638040341042432;0,244048650595883;0,602783994159164;0,165508901844132;2017-03-10 13:40:00
0,655484330364413;0,243046111986265;0,60453237451388;0,172286960314021;2017-03-10 14:00:00
0,659699780253509;0,239814867010435;0,616376944223753;0,170767102389304;2017-03-10 14:20:00
0,651923813520029;0,245443149151484;0,617203228802677;0,16961599574441;2017-03-10 14:40:00
0,658691542330757;0,247652435664614;0,620477986747531;0,164724343115256;2017-03-10 15:00:00
0,646735305181061;0,253359434432716;0,610407484368686;0,161179277943723;2017-03-10 15:20:00
0,650174832403523;0,258022056918807;0,626590969047408;0,164986266773644;2017-03-10 15:40:00
0,637416326574265;0,261644130625444;0,605722565190865;0,16415688808518;2017-03-10 16:00:00
0,617138172803963;0,250384855128371;0,621082178584759;0,163632593903483;2017-03-10 16:20:00
0,619421160184736;0,267286584299895;0,611731286762445;0,150924087739251;2017-03-10 16:40:00
0,588172161422401;0,270393401872675;0,613052605433879;0,162401487566538;2017-03-10 17:00:00
0,558466240514337;0,27226584475186;0,604986889701121;0,16474954398035;2017-03-10 17:20:00
0,536248394453377;0,282688074841569;0,608331446870028;0,160430862681728;2017-03-10 17:40:00
0,495397429017415;0,302664886729382;0,608037970608407;0,160884774961185;2017-03-10 18:00:00
0,441472842149123;0,325509109431362;0,619348158139126;0,166296960681079;2017-03-10 18:20:00
0,401105247585869;0,34119808369881;0,632273320111782;0,168508917894998;2017-03-10 18:40:00
0,353861011583279;0,373736015462353;0,63082286097722;0,168186752482592;2017-03-10 19:00:00
0,33738702736819;0,410721804539428;0,651009765394081;0,162789868640756;2017-03-10 19:20:00
0,309588955701261;0,443304797196366;0,67132266910904;0,175652807285182;2017-03-10 19:40:00
0,290457817419118;0,476269625095519;0,681531750489622;0,183159268082428;2017-03-10 20:00:00
0,292996783718684;0,497793860178949;0,6907084777486;0,178714597241411;2017-03-10 20:20:00
0,274181987588235;0,51490738777818;0,705298892865755;0,192430968152456;2017-03-10 20:40:00
0,273457141923989;0,537236853112397;0,720002643918523;0,195613816521945;2017-03-10 21:00:00
0,268130508980686;0,551004607135847;0,718390535750399;0,202161676444221;2017-03-10 21:20:00
0,254929524611056;0,56778956405601;0,716844055767805;0,205041649489085;2017-03-10 21:40:00
0,25416649745068;0,580796092659709;0,724701199612766;0,198188698055889;2017-03-10 22:00:00
0,251569056651268;0,575816746545463;0,718257898665038;0,19353992047523;2017-03-10 22:20:00
0,249074868405198;0,603985387593559;0,723412753222813;0,199769231012162;2017-03-10 22:40:00
0,235503523150054;0,613057093240628;0,714624470286154;0,188726812237834;2017-03-10 23:00:00
0,233132069806576;0,617339801758813;0,701555394971007;0,202405891433663;2017-03-10 23:20:00
0,230444481070748;0,643031773632856;0,704876610669142;0,201706558389705;2017-03-10 23:40:00
0,230507577676543;0,650553534387241;0,699833431469636;0,208635570301854;2017-03-11 00:00:00
0,219302625801978;0,655568942504583;0,695983499646334;0,213790455270769;2017-03-11 00:20:00
0,217453213221255;0,663028856476122;0,694705490894753;0,219871503157648;2017-03-11 00:40:00
0,216896664801606;0,670809645651231;0,676342405835699;0,226271209920981;2017-03-11 01:00:00
0,214247533091631;0,669193156728704;0,673997599430282;0,239039828784608;2017-03-11 01:20:00
0,215034119041291;0,674192288827468;0,671813953013025;0,249687870797459;2017-03-11 01:40:00
0,219219802771344;0,672328470506155;0,664004444260411;0,252537907265709;2017-03-11 02:00:00
0,21372880277116;0,672741342840282;0,661228656151129;0,259362227339887;2017-03-11 02:20:00
0,214776340670059;0,675740708242361;0,660562236190254;0,262032299844427;2017-03-11 02:40:00
0,203711017417108;0,666149964753408;0,65384841396441;0,26636261339959;2017-03-11 03:00:00
0,208888384319683;0,679252611493976;0,636201416493946;0,268093439756087;2017-03-11 03:20:00
0,211111340051497;0,675858551309857;0,640703231185965;0,281623334575672;2017-03-11 03:40:00
0,209300686741877;0,680365393607533;0,637398604399827;0,288672496390786;2017-03-11 04:00:00
0,214020513481249;0,677723323718773;0,629395269953401;0,298002180301088;2017-03-11 04:20:00
0,215300929657372;0,673929087279853;0,635834222068732;0,294197259988035;2017-03-11 04:40:00
0,21303505864423;0,681784714099628;0,629491454327463;0,302244376284787;2017-03-11 05:00:00
0,215765790491869;0,664050176693967;0,640369706461437;0,286030662584721;2017-03-11 05:20:00
0,218396771294321;0,657136340732408;0,65082939255088;0,273653560967483;2017-03-11 05:40:00
0,218923576937897;0,658192589655513;0,645209128713283;0,272906015450911;2017-03-11 06:00:00
0,223888376260124;0,643757142183649;0,646550479456727;0,27163760917125;2017-03-11 06:20:00
0,22435239951539;0,644008154814459;0,645152576729629;0,264310516028637;2017-03-11 06:40:00
0,232058712162861;0,619707195717523;0,64692614026842;0,268070587034495;2017-03-11 07:00:00
0,237409467910452;0,599287390091922;0,620702467693834;0,266100566438298;2017-03-11 07:20:00
0,258273739708755;0,569616067022086;0,615364175838829;0,245658356915492;2017-03-11 07:40:00
0,297775515459465;0,517318678231849;0,601513037923448;0,249319000252515;2017-03-11 08:00:00
0,321600031184583;0,445716773089425;0,58609646229425;0,216761609665841;2017-03-11 08:20:00
0,392854069686988;0,368881380106016;0,564093491242743;0,194154129969528;2017-03-11 08:40:00
0,474189949549234;0,337846783878038;0,577652223396218;0,191222245010601;2017-03-11 09:00:00
0,532409656942549;0,312445129567894;0,598527646176804;0,187125175769738;2017-03-11 09:20:00
0,569393519343743;0,293899242364664;0,597717533027312;0,185417125249277;2017-03-11 09:40:00
0,56715998159853;0,283136708383817;0,617529957875653;0,185506876253669;2017-03-11 10:00:00
0,592310144456624;0,275656163027019;0,622555714110622;0,184358720775601;2017-03-11 10:20:00
0,593834719949658;0,268505130766845;0,619363533187542;0,179216293110868;2017-03-11 10:40:00
0,589479343689314;0,273717345610806;0,627860710297877;0,1817637539642;2017-03-11 11:00:00
0,596667452478902;0,261809489057418;0,613306307400507;0,183331082968152;2017-03-11 11:20:00
0,578945270156909;0,275947189368222;0,62308388610199;0,182298736073466;2017-03-11 11:40:00
0,572212801920957;0,250237354674273;0,614314841645161;0,179130681001933;2017-03-11 12:00:00
0,55887122839846;0,264781140434344;0,625515626868255;0,168815386801571;2017-03-11 12:20:00
0,539250037046616;0,2704346724884;0,627919672527137;0,164624152045997;2017-03-11 12:40:00
0,548128755770441;0,284564909145129;0,644383931548149;0,168054155184598;2017-03-11 13:00:00
0,555823186004867;0,267380556898418;0,645804769886954;0,156568952983907;2017-03-11 13:20:00
0,563254011291316;0,265989485691688;0,642698967863759;0,15158302829012;2017-03-11 13:40:00
0,551682149018962;0,270848440047754;0,646158323292545;0,160226255216823;2017-03-11 14:00:00
0,598774496023478;0,257884833418836;0,650942748327988;0,142526880431773;2017-03-11 14:20:00
0,566519004205792;0,274841857399501;0,650387568354839;0,144254509661078;2017-03-11 14:40:00
0,570570577809198;0,258395400880076;0,653690898233972;0,139710557835535;2017-03-11 15:00:00
0,57502370255868;0,280222550438912;0,662286344625931;0,132477118811251;2017-03-11 15:20:00
0,569361530829782;0,278087897507812;0,672557475198098;0,137827032448283;2017-03-11 15:40:00
0,538126858350145;0,279308239686084;0,664266050676002;0,13128564230517;2017-03-11 16:00:00
0,540425135867071;0,280546965287412;0,667281056228369;0,132386701294014;2017-03-11 16:20:00
0,520106960485828;0,292020437864637;0,658852782855989;0,132856227004004;2017-03-11 16:40:00
0,496719885361374;0,28806155368588;0,667814258157189;0,127902925055828;2017-03-11 17:00:00
0,472541619237741;0,306866033114922;0,678895132977804;0,124903697068644;2017-03-11 17:20:00
0,429970817371696;0,32471152772017;0,667244812125607;0,130751275996633;2017-03-11 17:40:00
0,406998859644648;0,345775084292156;0,674243754908909;0,127628099537338;2017-03-11 18:00:00
0,362570238778213;0,351493511139116;0,676244992723035;0,124962680642978;2017-03-11 18:20:00
0,339269363523209;0,395518970191665;0,683929735209117;0,135259387872413;2017-03-11 18:40:00
0,30871603818427;0,42049144351639;0,701319442453825;0,131781058399968;2017-03-11 19:00:00
0,28060505482372;0,445384283365103;0,704600895770204;0,144354075660321;2017-03-11 19:20:00
0,279605355191521;0,464485129587665;0,718836149838519;0,146673236825897;2017-03-11 19:40:00
0,2796427072264;0,487704319793084;0,723862596620055;0,15635652825951;2017-03-11 20:00:00
0,267898958558929;0,502046544651173;0,737677871517184;0,155728939444812;2017-03-11 20:20:00
0,283297582592977;0,504154555770778;0,745367904969171;0,164831713563846;2017-03-11 20:40:00
0,272870073335471;0,515811230738771;0,74382353481402;0,168860935397732;2017-03-11 21:00:00
0,279663112113906;0,533234565894429;0,756752989773796;0,171917668354445;2017-03-11 21:20:00
0,283255362467317;0,534611744506473;0,760488850127613;0,169533514030736;2017-03-11 21:40:00
0,280739423917748;0,526005725094489;0,769479682335873;0,162258446453371;2017-03-11 22:00:00
0,274958631993414;0,5443182953057;0,762082978191966;0,166878462010217;2017-03-11 22:20:00
0,281801049437164;0,546594685335067;0,770415816150111;0,161169361359529;2017-03-11 22:40:00
0,27497224086051;0,551562166414708;0,765202857420025;0,166518414947988;2017-03-11 23:00:00
0,273139012849566;0,563591131615015;0,762488498575458;0,164029776650638;2017-03-11 23:20:00
0,260644355888026;0,569406574995639;0,763882868970682;0,160136201061181;2017-03-11 23:40:00
0,262755137700563;0,575729066714287;0,770378437022961;0,161797928210363;2017-03-12 00:00:00
0,264789371829745;0,573983069408382;0,765593848667531;0,161677580840893;2017-03-12 00:20:00
0,260233326339396;0,58249830004442;0,766712348053002;0,158661773105555;2017-03-12 00:40:00
0,256807713659226;0,593614246394604;0,764801279343216;0,15867237417882;2017-03-12 01:00:00
0,259002230435641;0,591892370108276;0,762718079911171;0,161390849521303;2017-03-12 01:20:00
0,255334108514502;0,603253470493222;0,752264171577968;0,159297245958628;2017-03-12 01:40:00
0,256686755098602;0,591115437760205;0,752559348008984;0,158409581244678;2017-03-12 02:00:00
0,254214178072627;0,606385954148286;0,75615263506217;0,159795629505584;2017-03-12 02:20:00
0,258675639330988;0,611062429193434;0,752006678549484;0,161532995784397;2017-03-12 02:40:00
0,25369476259377;0,580191100802968;0,741151278191074;0,165640048447692;2017-03-12 03:00:00
0,242924111380335;0,593139249001126;0,73643203092461;0,154483718027946;2017-03-12 03:20:00
0,258781835960111;0,619999711421411;0,751011851658164;0,166492338859979;2017-03-12 03:40:00
0,257141623433499;0,625946736628756;0,751220043233148;0,165440290910297;2017-03-12 04:00:00
0,250618658457997;0,629442558127336;0,749441802028213;0,167433293468141;2017-03-12 04:20:00
0,255239687482131;0,628648828394035;0,751011067423339;0,166781357692079;2017-03-12 04:40:00
0,256787786559269;0,623641150611512;0,744720304537758;0,167719329147206;2017-03-12 05:00:00
0,251384295407048;0,630273907091346;0,752914409050694;0,170151218907921;2017-03-12 05:20:00
0,265611798054086;0,627604092521121;0,748669869544165;0,167492713105297;2017-03-12 05:40:00
0,251956395199088;0,634987569145401;0,7478155579248;0,169129280337903;2017-03-12 06:00:00
0,259542012813055;0,627610153530954;0,750005745430666;0,167574738393417;2017-03-12 06:20:00
0,264762980356322;0,624159269853712;0,746850052089142;0,165137300690072;2017-03-12 06:40:00
0,260030717021755;0,616738096886367;0,742182353606826;0,168004622806336;2017-03-12 07:00:00
0,263188315044076;0,616399462933403;0,747986707701064;0,163593964443561;2017-03-12 07:20:00
0,274094084919115;0,611109155252931;0,741755796212101;0,164003942047921;2017-03-12 07:40:00
0,265518462927265;0,586206780052953;0,73600731018224;0,164757971636727;2017-03-12 08:00:00
0,279301769038432;0,578171968032332;0,742635325297011;0,161404049913492;2017-03-12 08:20:00
0,285983313262354;0,557840734384684;0,728851881454483;0,162258164186931;2017-03-12 08:40:00
0,287397693912717;0,545393052506269;0,729662749277179;0,155451932034858;2017-03-12 09:00:00
0,306743752150481;0,532697042427325;0,732778493888275;0,156083375137817;2017-03-12 09:20:00
0,304489913372025;0,508220254282016;0,724559634263402;0,151291270917047;2017-03-12 09:40:00
0,328259990992589;0,482737145277184;0,726480736145896;0,145801596471542;2017-03-12 10:00:00
0,324834143175039;0,48261821967567;0,731297051364165;0,148145324816739;2017-03-12 10:20:00
0,338904054780498;0,454310114202677;0,712428731872035;0,139527648855288;2017-03-12 10:40:00
0,345298792319005;0,42657484007038;0,729133296091928;0,138435704284696;2017-03-12 11:00:00
0,354242539391059;0,414323527980353;0,723915986434615;0,129727669444653;2017-03-12 11:20:00
0,358919133379365;0,402577785097873;0,724335030673541;0,126568610595794;2017-03-12 11:40:00
0,358039625975414;0,396907831125076;0,730376307352743;0,129392185893607;2017-03-12 12:00:00
0,365284639812606;0,378874321236396;0,720526484700417;0,12023824177651;2017-03-12 12:20:00
0,374417598886109;0,372373223155642;0,727013509345558;0,122323123599445;2017-03-12 12:40:00
0,360691382802769;0,370308952376206;0,726366818209934;0,117178081619126;2017-03-12 13:00:00
0,382538791561005;0,368906920276741;0,725015789956142;0,116597890813798;2017-03-12 13:20:00
0,379629982188548;0,338117858202981;0,73782765086322;0,110516189585019;2017-03-12 13:40:00
0,388171725294958;0,346557290473614;0,733878054431814;0,115298909519732;2017-03-12 14:00:00
0,397297508248623;0,326006924924639;0,724161072135432;0,108104239520216;2017-03-12 14:20:00
0,401226751981868;0,297534762820006;0,733202921999831;0,107988763236893;2017-03-12 14:40:00
0,415345535703664;0,295848284900831;0,729077877738213;0,0989929249713857;2017-03-12 15:00:00
0,431072055339007;0,289977103272039;0,712734406556926;0,0991129623284803;2017-03-12 15:20:00
0,420564232271819;0,274424612105257;0,71626929202572;0,0991140719419442;2017-03-12 15:40:00
0,428832922722072;0,264526398744845;0,724999855825781;0,0976588943200248;2017-03-12 16:00:00
0,434669905372387;0,258908283993704;0,723254719714526;0,0927871936938676;2017-03-12 16:20:00
0,441552544029066;0,259921843796009;0,713356195534021;0,0964908297485501;2017-03-12 16:40:00
0,445748275856036;0,243162621651658;0,727397078249825;0,0951223843674091;2017-03-12 17:00:00
0,447961760863575;0,243150401418352;0,730570594797163;0,0929466548732442;2017-03-12 17:20:00
0,44140472677627;0,253572746097884;0,720856968699952;0,0959691519118799;2017-03-12 17:40:00
0,437501167311694;0,264647296692231;0,726517058545056;0,0963101731459193;2017-03-12 18:00:00
0,457252180858175;0,253671369278507;0,74358716173683;0,0955016133949745;2017-03-12 18:20:00
0,442395905845453;0,277751011266021;0,747344270638004;0,103267762589423;2017-03-12 18:40:00
0,448128554832546;0,266708666763868;0,755902603751977;0,101432497174851;2017-03-12 19:00:00
0,446587244348743;0,29062692638481;0,757576869731543;0,0979947378158239;2017-03-12 19:20:00
0,45032152183895;0,29332939386692;0,762357706920013;0,102176155450488;2017-03-12 19:40:00
0,44606273808748;0,292441213659299;0,777283736494104;0,101808448509091;2017-03-12 20:00:00
0,45217904420402;0,300215504738997;0,782955740198242;0,0981692444773056;2017-03-12 20:20:00
0,454094046453987;0,30266560045746;0,794033075908739;0,104011057541862;2017-03-12 20:40:00
0,4549859092126;0,309912268819748;0,794006082213039;0,0968868452961212;2017-03-12 21:00:00
0,461636886103071;0,321485915697369;0,811658366137301;0,101503253320521;2017-03-12 21:20:00
0,477803229412769;0,333569027164283;0,795863748579201;0,10255488790523;2017-03-12 21:40:00
0,461260811729599;0,3192162803689;0,810135206643432;0,0985121773426967;2017-03-12 22:00:00
0,459032599963144;0,333421295871801;0,806757406218894;0,102038441102837;2017-03-12 22:20:00
0,459132110485648;0,331446292136696;0,801561953972372;0,0950066723269382;2017-03-12 22:40:00
0,456444866930513;0,337659536469217;0,80101482006531;0,0962506004047235;2017-03-12 23:00:00
0,456604760862214;0,342590914660835;0,802508970889775;0,0945021077016157;2017-03-12 23:20:00
0,455290494403177;0,369892283709122;0,80582296828233;0,095831098090681;2017-03-12 23:40:00
